Probabilidad,Predicci√≥n,Real
0.9688553,1,1
0.6841315,1,1
0.5957073,1,1
0.86877507,1,1
0.25019312,0,0
0.07005595,0,0
0.9375847,1,1
0.9628294,1,1
0.11767428,0,0
0.91815424,1,1
0.3999007,0,0
0.08948222,0,0
0.033332147,0,0
0.31009963,0,0
0.11970143,0,0
0.026975293,0,0
0.27508911,0,1
0.94236606,1,1
0.8580835,1,0
0.85842884,1,1
0.6481691,1,1
0.89619225,1,1
0.59723943,1,1
0.5547615,1,0
0.088777736,0,0
0.11964662,0,0
0.78203636,1,1
0.5694479,1,1
0.0654073,0,0
0.5831834,1,1
0.091834694,0,0
0.013903361,0,0
0.31943813,0,0
0.21887508,0,0
0.9539956,1,1
0.87371296,1,1
0.82237136,1,1
0.8812027,1,1
0.08598334,0,0
0.95907915,1,1
0.2062186,0,0
0.0428697,0,0
0.6205514,1,1
0.83566165,1,1
0.10691945,0,0
0.94542354,1,1
0.7310634,1,1
0.44562697,0,1
0.6147978,1,1
0.27611795,0,0
0.100049116,0,0
0.8036409,1,1
0.83062893,1,1
0.61158234,1,1
0.76732343,1,1
0.11240122,0,1
0.82965165,1,1
0.9563353,1,1
0.8846391,1,1
0.9318326,1,1
0.17596757,0,0
0.89538246,1,1
0.83195394,1,1
0.02550687,0,0
0.039841738,0,0
0.32664165,0,0
0.47894725,0,1
0.8856686,1,1
0.7824173,1,1
0.96512693,1,1
0.85925424,1,1
0.95867974,1,1
0.6138878,1,0
0.9286845,1,1
0.09791572,0,0
0.2600505,0,0
0.9152727,1,1
0.34712636,0,0
0.6432937,1,1
0.86044806,1,1
0.795686,1,1
0.9561988,1,1
0.90926254,1,1
0.92427623,1,1
0.8884255,1,0
0.3048915,0,0
0.7994543,1,1
0.2567868,0,0
0.8483947,1,0
0.6440671,1,1
0.17232387,0,0
0.91269916,1,1
0.86341405,1,1
0.7241617,1,0
0.1378893,0,0
0.8113264,1,1
0.14513934,0,0
0.8911593,1,1
0.9202489,1,1
0.10785368,0,0
0.14896834,0,0
0.15712838,0,0
0.6595533,1,1
0.059989545,0,0
0.87342113,1,1
0.30877057,0,0
0.24226075,0,1
0.5025593,1,0
0.54283667,1,1
0.5141162,1,0
0.3094918,0,0
0.2593052,0,0
0.25475046,0,1
0.9441249,1,1
0.83376604,1,1
0.22022268,0,1
0.034827992,0,0
0.95739853,1,1
0.12288028,0,0
0.042952266,0,0
0.7853724,1,1
0.9054351,1,1
0.9169456,1,1
0.76701003,1,1
0.91161865,1,1
0.073949255,0,0
0.9243794,1,1
0.13811725,0,0
0.91183597,1,1
0.9420932,1,1
0.9576977,1,1
0.3243579,0,0
0.9182392,1,1
0.8918327,1,1
0.72492164,1,0
0.83818984,1,1
0.96398985,1,1
0.9698638,1,1
0.969036,1,1
0.2940552,0,0
0.892649,1,1
0.92021275,1,1
0.08904163,0,0
0.8049962,1,1
0.10252394,0,0
0.78311646,1,0
0.94253284,1,1
0.9316483,1,0
0.6462787,1,1
0.06493025,0,0
0.8456668,1,1
0.9594797,1,1
0.05204826,0,0
0.1496259,0,0
0.91835225,1,1
0.066318594,0,0
0.9145216,1,1
0.71996444,1,0
0.21170028,0,0
0.26716748,0,0
0.60932434,1,0
0.76066816,1,1
0.15539597,0,0
0.6457758,1,0
0.31660998,0,0
0.12397089,0,0
0.11369322,0,0
0.07652683,0,0
0.8668785,1,1
0.474895,0,1
0.30301374,0,1
0.61711967,1,0
0.8951004,1,1
0.12139202,0,0
0.2967066,0,0
0.7532873,1,1
0.20996648,0,0
0.89197916,1,1
0.13174485,0,0
0.5640815,1,1
0.59911335,1,1
0.33201706,0,0
0.12678279,0,0
0.9203156,1,1
0.44023946,0,0
0.09775404,0,0
0.47741216,0,1
0.9097586,1,1
0.2274953,0,0
0.84589154,1,1
0.6732125,1,0
0.1666393,0,0
0.9461316,1,1
0.6809751,1,1
0.9358368,1,1
0.8623732,1,1
0.9143852,1,1
0.16690876,0,0
0.9063907,1,1
0.51959443,1,1
0.9447054,1,1
0.06942799,0,0
0.9308202,1,1
0.75331944,1,0
0.1827496,0,1
0.3528522,0,0
0.94819295,1,1
0.90931225,1,1
0.21815681,0,0
0.2867642,0,0
0.7629475,1,1
0.95890474,1,1
0.8780894,1,1
0.6135365,1,1
0.8975931,1,1
0.2575872,0,0
0.8876227,1,1
0.6508399,1,0
0.21548733,0,0
0.8657707,1,1
0.17099811,0,0
0.77307,1,1
0.5810426,1,0
0.28906137,0,1
0.46437308,0,1
0.968271,1,1
0.8214146,1,0
0.740372,1,1
0.78185344,1,1
0.29700425,0,1
0.3315823,0,0
0.27625722,0,0
0.12031624,0,0
0.20927958,0,0
0.48674354,0,0
0.8972403,1,1
0.72104466,1,1
0.024334723,0,0
0.90678066,1,1
0.8733964,1,1
0.9011258,1,1
0.10199728,0,0
0.61743313,1,1
0.17134535,0,0
0.23151441,0,0
0.037737418,0,0
0.93506837,1,1
0.9595084,1,1
0.953563,1,1
0.0810692,0,0
0.9445,1,1
0.04238982,0,0
0.96680766,1,1
0.79781574,1,1
0.89980227,1,0
0.03646939,0,0
0.92306787,1,1
0.59558326,1,0
0.79642993,1,0
0.73093176,1,1
0.93295544,1,1
0.22752504,0,0
0.8671438,1,1
0.2594418,0,1
0.967132,1,1
0.2639421,0,0
0.7800963,1,1
0.16411825,0,0
0.057761855,0,0
0.058641892,0,0
0.9643914,1,1
0.87861955,1,1
0.7060258,1,0
0.08624642,0,0
0.73649067,1,0
0.67350024,1,1
0.09297021,0,0
0.2427909,0,0
0.9666148,1,1
0.9531797,1,1
0.21615417,0,0
0.09675556,0,0
0.6588851,1,0
0.21888223,0,1
0.8829692,1,1
0.88636905,1,1
0.04738103,0,0
0.1045319,0,0
0.18638888,0,1
0.14774431,0,0
0.91072226,1,1
0.7628475,1,1
0.9654461,1,1
0.723988,1,0
0.30698574,0,0
0.8934865,1,1
0.25536707,0,0
0.020112887,0,0
0.42497393,0,0
0.6017303,1,0
0.56579804,1,0
0.72027934,1,1
0.099357314,0,0
0.8286708,1,1
0.94148743,1,1
0.0846976,0,0
0.7959967,1,1
0.54421383,1,0
0.3308162,0,0
0.33660218,0,1
0.6564946,1,0
0.92969155,1,1
0.670698,1,0
0.2241793,0,0
0.8286412,1,1
0.1847687,0,0
0.042260133,0,0
0.52360934,1,0
0.8624769,1,1
0.93087554,1,1
0.13191043,0,0
0.16559781,0,0
0.9574565,1,1
0.14273426,0,0
0.16211165,0,0
0.26407298,0,0
0.8850214,1,1
0.20755826,0,0
0.9553122,1,1
0.8726546,1,1
0.22173683,0,0
0.42302698,0,0
0.8784984,1,1
0.89385647,1,1
0.8975657,1,1
0.26100114,0,1
0.2162832,0,0
0.7708123,1,1
0.2854608,0,0
0.87243676,1,1
0.054613885,0,0
0.5099659,1,1
0.9667514,1,1
0.28942057,0,0
0.97541887,1,1
0.22390261,0,0
0.47911412,0,1
0.55693156,1,0
0.61325216,1,1
0.8779729,1,1
0.5366934,1,1
0.8762878,1,0
0.93287593,1,1
0.068528555,0,0
0.9272505,1,1
0.6074538,1,1
0.5784505,1,1
0.18345961,0,0
0.92750955,1,1
0.066529766,0,0
0.6013262,1,0
0.029538937,0,0
0.11651008,0,0
0.9408982,1,1
0.90335697,1,1
0.92066777,1,1
0.78146815,1,0
0.832238,1,1
0.8760531,1,1
0.9166722,1,1
0.93344426,1,1
0.95150566,1,1
0.9694863,1,0
0.43011186,0,0
0.9230301,1,1
0.29244295,0,0
0.6886498,1,0
0.3152142,0,0
0.6420593,1,1
0.74509424,1,1
0.29341245,0,0
0.91994643,1,1
0.5914641,1,1
0.21206316,0,0
0.04921599,0,0
0.69920784,1,1
0.96857846,1,1
0.705266,1,1
0.618003,1,0
0.8818745,1,1
0.9094969,1,1
0.30903658,0,0
0.09788093,0,0
0.15841831,0,0
0.05914732,0,0
0.7292844,1,1
0.76824236,1,1
0.78158885,1,1
0.914545,1,1
0.964807,1,1
0.19597764,0,1
0.9729417,1,1
0.90353835,1,1
0.22411186,0,0
0.94071555,1,1
0.8760303,1,1
0.5854605,1,1
0.09745899,0,0
0.9444931,1,1
0.18590327,0,0
0.8542827,1,1
0.10571943,0,0
0.3665227,0,0
0.951707,1,1
0.44496292,0,0
0.940776,1,1
0.55197734,1,1
0.8106175,1,1
0.89694154,1,1
0.9449667,1,1
0.048095744,0,0
0.15159808,0,0
0.91228765,1,1
0.21619952,0,0
0.80704236,1,1
0.30409318,0,0
0.6140866,1,1
0.15646768,0,0
0.0612112,0,0
0.78069216,1,1
0.33973607,0,0
0.84641784,1,1
0.85750973,1,1
0.60634154,1,1
0.93840545,1,1
0.871978,1,1
0.647212,1,1
0.91466933,1,1
0.93338466,1,1
0.89089864,1,1
0.5966888,1,1
0.43079627,0,0
0.19057895,0,0
0.95836586,1,1
0.879625,1,1
0.6250917,1,0
0.018089483,0,0
0.149882,0,0
0.16690372,0,1
0.289982,0,1
0.2242562,0,0
0.80219895,1,0
0.8578887,1,1
0.15857644,0,0
0.62528163,1,0
0.6503727,1,1
0.9326736,1,1
0.6200427,1,0
0.32592148,0,0
0.39893368,0,0
0.18626823,0,0
0.7577054,1,1
0.2532266,0,0
0.90385425,1,1
0.020321613,0,0
0.93575674,1,1
0.6045067,1,1
0.04675301,0,0
0.056482576,0,0
0.8605697,1,1
0.3235604,0,1
0.29121906,0,0
0.9052521,1,1
0.63268065,1,1
0.57874227,1,0
0.9664277,1,1
0.35959384,0,0
0.94002473,1,1
0.06793838,0,0
0.28932565,0,1
0.62111795,1,1
0.756809,1,1
0.32412955,0,1
0.58875185,1,1
0.01956805,0,0
0.08957418,0,0
0.22539009,0,0
0.055328757,0,0
0.13764659,0,0
0.7710788,1,0
0.062874116,0,0
0.11514692,0,0
0.08171081,0,0
0.25082532,0,0
0.7495385,1,0
0.3706405,0,0
0.41138762,0,0
0.122522175,0,0
0.4326651,0,1
0.21976805,0,1
0.9787815,1,1
0.16075028,0,1
0.029127916,0,0
0.7564751,1,1
0.9558308,1,1
0.9713786,1,1
0.9134186,1,1
0.93558794,1,1
0.60095686,1,1
0.6476665,1,0
0.2087386,0,0
0.32843307,0,1
0.94668615,1,1
0.29036966,0,0
0.61159945,1,1
0.59387314,1,0
0.8409475,1,0
0.31097198,0,1
0.5818986,1,1
0.34932566,0,1
0.88006544,1,1
0.35611755,0,0
0.14469184,0,0
0.07123536,0,0
0.6278984,1,1
0.036546037,0,0
0.11614909,0,0
0.83158016,1,1
0.6153997,1,1
0.026999585,0,0
0.21072157,0,0
0.613371,1,1
0.12809446,0,0
0.91566354,1,1
0.95346284,1,1
0.30220175,0,1
0.3764322,0,0
0.16487682,0,0
0.9648743,1,1
0.98131543,1,1
0.9043043,1,1
0.01525339,0,0
0.90963733,1,1
0.2777543,0,1
0.8211773,1,1
0.03052456,0,0
0.8972785,1,1
0.9040912,1,1
0.6003994,1,1
0.7874414,1,0
0.16674106,0,0
0.94976443,1,1
0.025956964,0,0
0.7443418,1,1
0.931274,1,0
0.7538242,1,1
0.9674169,1,1
0.7701943,1,1
0.9428001,1,1
0.9539657,1,1
0.785636,1,1
0.053916313,0,0
0.13671342,0,1
0.14687674,0,0
0.5385519,1,1
0.65100986,1,0
0.03249096,0,0
0.11521946,0,0
0.06030082,0,0
0.5055053,1,0
0.7044105,1,1
0.76789206,1,1
0.94587696,1,1
0.10599974,0,0
0.91954166,1,1
0.038136717,0,0
0.5352081,1,0
0.61977595,1,0
0.038122613,0,0
0.09028597,0,0
0.9042434,1,1
0.80131227,1,1
0.9452892,1,1
0.92504674,1,1
0.31878862,0,0
0.8268249,1,1
0.25753134,0,0
0.46821505,0,1
0.90798485,1,1
0.9051373,1,1
0.21628231,0,0
0.9446022,1,1
0.9372276,1,1
0.045682997,0,0
0.9563713,1,1
0.93921256,1,1
0.75400954,1,1
0.7587725,1,1
0.26927337,0,0
0.6143969,1,1
0.89244956,1,1
0.81606454,1,1
0.59462625,1,1
0.63473547,1,1
0.044228338,0,0
0.88688886,1,1
0.44319502,0,0
0.43843955,0,0
0.9729382,1,1
0.03115142,0,0
0.02089377,0,0
0.23744917,0,0
0.87582964,1,1
0.8906874,1,1
0.187481,0,0
0.9560846,1,0
0.7713803,1,1
0.29316485,0,0
0.1927831,0,0
0.9562689,1,1
0.5158685,1,0
0.890126,1,1
0.6874864,1,1
0.31083554,0,1
0.04367519,0,0
0.7854239,1,1
0.7559364,1,1
0.22085798,0,0
0.1324126,0,0
0.489064,0,0
0.21100505,0,0
0.75896555,1,1
0.9571206,1,1
0.9503561,1,1
0.18402122,0,0
0.90793025,1,1
0.47979143,0,1
0.9342073,1,1
0.66196346,1,0
0.090894856,0,0
0.082659945,0,0
0.17808132,0,0
0.9555499,1,1
0.8823788,1,1
0.9388935,1,1
0.3544618,0,0
0.7642397,1,1
0.4447985,0,0
0.8859425,1,1
0.66484964,1,1
0.11477519,0,0
0.88856405,1,1
0.9223358,1,1
0.6023657,1,0
0.61200804,1,1
0.972539,1,1
0.92825365,1,1
0.8967882,1,1
0.95562226,1,1
0.05740447,0,0
0.9042867,1,1
0.90081954,1,1
0.8814787,1,0
0.60287195,1,0
0.7374572,1,1
0.76996,1,1
0.17714942,0,0
0.44994274,0,0
0.58705217,1,0
0.90675527,1,1
0.95897084,1,1
0.5522019,1,0
0.90161705,1,1
0.5390898,1,0
0.5546512,1,0
0.8695747,1,1
0.9275704,1,0
0.8659302,1,1
0.8340757,1,0
0.8571003,1,1
0.9599986,1,1
0.76726407,1,1
0.3401697,0,0
0.47454554,0,1
0.92705715,1,1
0.95386595,1,1
0.22510833,0,0
0.60349226,1,0
0.9622848,1,1
0.9010218,1,1
0.5312517,1,0
0.061121486,0,0
0.93811727,1,1
0.08757367,0,0
0.82776624,1,0
0.23130573,0,1
0.05593227,0,0
0.23762235,0,0
0.84693444,1,1
0.16355512,0,0
0.44705215,0,1
0.4895098,0,1
0.6783696,1,0
0.207146,0,0
0.68770015,1,1
0.46388188,0,1
0.8453675,1,1
0.6374926,1,1
0.9059868,1,1
0.8920886,1,1
0.89300996,1,1
0.7954686,1,1
0.90217257,1,1
0.38127795,0,0
0.64168626,1,0
0.030178104,0,0
0.8301282,1,0
0.13258292,0,0
0.8854973,1,1
0.93951184,1,1
0.3546814,0,0
0.7996464,1,1
0.22455569,0,0
0.10471751,0,0
0.85341215,1,1
0.9338059,1,1
0.81881505,1,1
0.9163705,1,1
0.824387,1,1
0.9420672,1,1
0.88626367,1,1
0.086589344,0,0
0.07609454,0,0
0.66951877,1,1
0.9188876,1,1
0.19231568,0,0
0.46445206,0,0
0.8325113,1,0
0.057831053,0,0
0.21027938,0,0
0.9666913,1,1
0.18805172,0,0
0.14517246,0,0
0.27071238,0,0
0.8443433,1,1
0.07575364,0,0
0.9632635,1,1
0.9746353,1,1
0.48696923,0,0
0.24527393,0,0
0.7542368,1,1
0.9128705,1,1
0.9175869,1,1
0.19475266,0,0
0.016221771,0,0
0.08545543,0,0
0.9440825,1,1
0.6436682,1,1
0.9182406,1,1
0.59692377,1,0
0.29160124,0,1
0.5377282,1,0
0.5007022,1,0
0.85131544,1,1
0.39819816,0,1
0.982938,1,1
0.93725985,1,0
0.3650235,0,1
0.7713528,1,1
0.893673,1,1
0.27420428,0,1
0.45671755,0,0
0.08707698,0,0
0.9138599,1,1
0.93831706,1,1
0.029637137,0,0
0.85888636,1,1
0.07547027,0,0
0.6168649,1,1
0.6094828,1,0
0.9465848,1,1
0.8663195,1,1
0.96457344,1,1
0.9491405,1,1
0.93306595,1,1
0.9498507,1,1
0.22219734,0,0
0.63334846,1,1
0.3097207,0,0
0.01639688,0,0
0.046512928,0,0
0.13490632,0,0
0.86548984,1,1
0.94764,1,1
0.95314306,1,1
0.8472867,1,1
0.89072144,1,1
0.9497928,1,1
0.124655545,0,0
0.91394645,1,1
0.6385013,1,1
0.11579044,0,0
0.31154042,0,0
0.67384017,1,0
0.6481538,1,1
0.7199379,1,0
0.8638796,1,1
0.6139652,1,1
0.94531214,1,1
0.8804814,1,1
0.79760957,1,1
0.09067093,0,0
0.8756991,1,1
0.29471242,0,1
0.9593513,1,1
0.91063404,1,1
0.26496497,0,0
0.31405327,0,0
0.9468961,1,1
0.2487513,0,1
0.77183044,1,1
0.9430144,1,1
0.7013184,1,0
0.75286114,1,1
0.28681716,0,0
0.7806452,1,1
0.47343248,0,1
0.062530726,0,0
0.89834785,1,0
0.36116874,0,0
0.5087224,1,1
0.18042554,0,0
0.9422726,1,1
0.859432,1,1
0.9384449,1,1
0.6694685,1,1
0.8311831,1,1
0.86431444,1,0
0.2396257,0,0
0.074409366,0,0
0.81776786,1,1
0.25601774,0,0
0.30204514,0,1
0.8170818,1,1
0.2776933,0,1
0.957764,1,1
0.8799428,1,1
0.8624923,1,0
0.89385784,1,1
0.06194155,0,0
0.87689424,1,1
0.7237596,1,1
0.08600728,0,0
0.88597697,1,1
0.89054084,1,1
0.2596533,0,1
0.963773,1,1
0.9653108,1,1
0.052923437,0,0
0.31991005,0,0
0.36008844,0,0
0.8727131,1,0
0.96385086,1,1
0.124982685,0,0
0.90024966,1,1
0.8482821,1,1
0.017210681,0,0
0.14721255,0,0
0.9440179,1,1
0.8211141,1,1
0.45679286,0,0
0.24641983,0,0
0.036363713,0,1
0.90733844,1,1
0.75060534,1,1
0.5821698,1,1
0.018992402,0,0
0.97636265,1,1
0.9175319,1,1
0.22207369,0,0
0.6304172,1,0
0.23907965,0,0
0.9246972,1,1
0.039051436,0,0
0.8996714,1,1
0.60724413,1,0
0.043934,0,0
0.6148946,1,0
0.691244,1,1
0.32557565,0,0
0.06836395,0,0
0.90609103,1,1
0.7189692,1,1
0.9610218,1,1
0.18617389,0,0
0.9286046,1,1
0.26687822,0,0
0.10579192,0,0
0.13568132,0,0
0.9491512,1,1
0.3357276,0,0
0.86272043,1,1
0.47638974,0,0
0.76010364,1,0
0.95247495,1,1
0.9581502,1,1
0.19049282,0,0
0.27683797,0,0
0.9151364,1,1
0.90934426,1,1
0.87785405,1,1
0.638286,1,0
0.46824703,0,1
0.84601086,1,1
0.5786733,1,1
0.10983277,0,0
0.2876724,0,0
0.2588865,0,1
0.18364282,0,0
0.018537387,0,0
0.24813,0,0
0.07531092,0,0
0.60655904,1,1
0.82437414,1,0
0.50866646,1,0
0.7689074,1,1
0.9165865,1,1
0.6277203,1,1
0.76984966,1,1
0.8240039,1,1
0.5958149,1,1
0.873296,1,1
0.39624864,0,0
0.95632493,1,1
0.09869729,0,0
0.92173195,1,1
0.896106,1,1
0.85943973,1,1
0.3060503,0,1
0.05820844,0,0
0.97640663,1,1
0.13403784,0,0
0.93933433,1,1
0.88064975,1,1
0.776858,1,1
0.8746485,1,1
0.3248314,0,0
0.9480154,1,1
0.17581211,0,0
0.92444205,1,1
0.8777022,1,1
0.28516436,0,1
0.59189004,1,0
0.29818112,0,0
0.76429784,1,1
0.18081553,0,0
0.917391,1,1
0.61566085,1,1
0.9550401,1,1
0.79524106,1,1
0.8383302,1,1
0.947594,1,1
0.107059605,0,0
0.10309755,0,0
0.9200651,1,1
0.18448053,0,0
0.93555987,1,1
0.6171535,1,1
0.59492606,1,1
0.16038881,0,0
0.30831397,0,0
0.91183513,1,1
0.6211866,1,0
0.26530614,0,0
0.7892427,1,0
0.8718569,1,1
0.86070853,1,1
0.13816689,0,0
0.018652234,0,0
0.22389978,0,1
0.8613165,1,1
0.15813813,0,0
0.28256917,0,0
0.9471162,1,1
0.91773546,1,1
0.075103186,0,0
0.9017255,1,1
0.39862406,0,1
0.94628656,1,1
0.9420692,1,1
0.21735576,0,0
0.799602,1,1
0.6053501,1,1
0.94667846,1,1
0.93926954,1,1
0.82818377,1,1
0.27182803,0,0
0.90693134,1,1
0.60396343,1,0
0.6700005,1,1
0.035404645,0,0
0.8578492,1,1
0.9424917,1,1
0.87478304,1,0
0.45024517,0,0
0.5991205,1,1
0.3364723,0,1
0.90617895,1,1
0.25530314,0,0
0.8982101,1,1
0.46990463,0,1
0.85129577,1,1
0.9566041,1,1
0.23629999,0,0
0.7590945,1,1
0.6155423,1,1
0.92341334,1,0
0.902267,1,1
0.8025901,1,1
0.97386307,1,1
0.8728361,1,1
0.87808716,1,1
0.7221559,1,0
0.019540934,0,0
0.65406924,1,1
0.9187545,1,1
0.9413918,1,1
0.9368217,1,1
0.18698648,0,0
0.92773676,1,1
0.9594143,1,1
0.09631299,0,0
0.9763932,1,1
0.062046696,0,0
0.9454436,1,1
0.34410888,0,0
0.22073992,0,0
0.9517303,1,1
0.029973479,0,0
0.8763643,1,1
0.88826984,1,1
0.101346426,0,0
0.93360305,1,1
0.061350994,0,0
0.5904466,1,1
0.2692693,0,0
0.8139501,1,0
0.6189335,1,0
0.6543585,1,1
0.6142248,1,1
0.44398442,0,0
0.053838972,0,0
0.9657081,1,1
0.8993609,1,1
0.93442976,1,1
0.52171445,1,1
0.032463934,0,0
0.680459,1,1
0.63856745,1,0
0.30366877,0,1
0.9415708,1,1
0.52109796,1,1
0.94674003,1,1
0.21301527,0,1
0.6210376,1,1
0.8702754,1,0
0.9552067,1,0
0.96190006,1,1
0.944865,1,1
0.20698592,0,0
0.6007221,1,1
0.7490203,1,1
0.60568136,1,0
0.9206517,1,1
0.9220137,1,1
0.9249535,1,1
0.85523236,1,1
0.90844005,1,1
0.9504427,1,1
0.919637,1,1
0.01367226,0,0
0.371982,0,1
0.66890806,1,1
0.09177437,0,0
0.91549253,1,1
0.054427836,0,0
0.8270226,1,1
0.94989175,1,1
0.023401046,0,0
0.9720997,1,1
0.89672446,1,1
0.23103619,0,0
0.89896256,1,1
0.92891955,1,1
0.07979292,0,0
0.04151787,0,0
0.12341639,0,0
0.9756713,1,1
0.21201591,0,0
0.6256868,1,0
0.9207012,1,1
0.6084055,1,0
0.6073137,1,1
0.96459556,1,1
0.81984085,1,1
0.9082679,1,1
0.07356344,0,0
0.059918046,0,0
0.06578655,0,0
0.8433641,1,1
0.94686955,1,1
0.8296666,1,1
0.18511058,0,0
0.038771126,0,0
0.89017975,1,1
0.71557516,1,0
0.9220972,1,1
0.60844195,1,1
0.8616088,1,1
0.5328286,1,1
0.61871403,1,1
0.74228245,1,1
0.2842336,0,0
0.07973705,0,0
0.94028735,1,1
0.6861913,1,1
0.89728445,1,1
0.05118176,0,0
0.93892527,1,1
0.8949006,1,1
0.5336284,1,1
0.87439835,1,1
0.23244116,0,0
0.09649035,0,0
0.928964,1,1
0.93346477,1,1
0.9706771,1,1
0.11463147,0,0
0.93196535,1,1
0.9247736,1,1
0.9801194,1,1
0.8738917,1,1
0.8937596,1,1
0.7144785,1,1
0.7090132,1,1
0.8929196,1,0
0.7584589,1,0
0.4869174,0,0
0.018041853,0,0
0.8921833,1,1
0.88818747,1,1
0.608028,1,0
0.12639259,0,0
0.2579495,0,0
0.92453945,1,1
0.79851186,1,1
0.9521767,1,1
0.1845096,0,0
0.77712643,1,1
0.6243145,1,1
0.76392275,1,1
0.7619444,1,1
0.9345941,1,1
0.77696395,1,1
0.06388259,0,1
0.62532365,1,1
0.9060282,1,1
0.1220165,0,0
0.104856454,0,0
0.74040186,1,0
0.1804159,0,1
0.2562866,0,0
0.26893944,0,0
0.91268355,1,0
0.24389845,0,0
0.07518668,0,0
0.8922011,1,1
0.16943416,0,0
0.031868853,0,0
0.18929921,0,0
0.7250086,1,1
0.19180438,0,0
0.39152429,0,0
0.9511067,1,1
0.8342,1,1
0.1584739,0,0
0.6639069,1,1
0.1408476,0,0
0.773164,1,1
0.79191744,1,1
0.7776935,1,1
0.51160264,1,0
0.6437591,1,1
0.885586,1,1
0.95091695,1,1
0.6601402,1,0
0.97755706,1,1
0.8519795,1,1
0.9191776,1,1
0.9153547,1,1
0.92064226,1,1
0.6957284,1,1
0.93176496,1,1
0.62678677,1,0
0.21707878,0,1
0.70597476,1,0
0.9615198,1,1
0.47122765,0,0
0.022179868,0,0
0.6654654,1,1
0.94404316,1,1
0.83808273,1,1
0.71839106,1,1
0.9120968,1,1
0.93527627,1,1
0.9552787,1,1
0.4285185,0,0
0.13557604,0,0
0.9710212,1,1
0.9001601,1,1
0.86773,1,1
0.9633324,1,1
0.94466394,1,1
0.4009851,0,0
0.046220366,0,0
0.42483464,0,0
0.13575424,0,0
0.8839719,1,1
0.95269984,1,1
0.46995676,0,1
0.13793425,0,0
0.91947705,1,0
0.4288109,0,1
0.11589401,0,0
0.0773049,0,0
0.936992,1,1
0.71778756,1,1
0.91772413,1,1
0.90994835,1,1
0.97669196,1,1
0.20822522,0,0
0.19223203,0,0
0.7558942,1,1
0.792775,1,1
0.85989237,1,1
0.32094368,0,0
0.27063364,0,0
0.9610908,1,1
0.86797917,1,1
0.63766205,1,0
0.32424995,0,0
0.9344101,1,1
0.8525604,1,1
0.7528618,1,1
0.6320316,1,1
0.9738676,1,1
0.26389125,0,0
0.8697166,1,1
0.90708834,1,1
0.17040218,0,1
0.9259359,1,1
0.8952372,1,1
0.8534998,1,1
0.72841275,1,1
0.9056688,1,1
0.6305828,1,1
0.89946496,1,1
0.6207481,1,1
0.054431204,0,0
0.7545511,1,1
0.675651,1,1
0.96653706,1,1
0.30094716,0,0
0.46671847,0,0
0.8232224,1,1
0.3031196,0,1
0.55740637,1,0
0.8525405,1,1
0.3753167,0,0
0.04209995,0,0
0.31347418,0,0
0.12636614,0,0
0.07185392,0,0
0.0523184,0,0
0.9255167,1,1
0.8055206,1,0
0.16080756,0,0
0.3309163,0,0
0.8965257,1,1
0.7020506,1,0
0.93341833,1,1
0.9855854,1,1
0.56396854,1,1
0.7227858,1,0
0.9502262,1,1
0.6649499,1,1
0.8304265,1,1
0.08103667,0,0
0.082968585,0,0
0.78682035,1,1
0.9772208,1,1
0.97954065,1,1
0.8058122,1,1
0.90940213,1,1
0.049518313,0,0
0.28940383,0,1
0.27406028,0,1
0.3575108,0,0
0.20868762,0,1
0.921143,1,1
0.92765206,1,0
0.9200658,1,1
0.11570735,0,0
0.24589033,0,0
0.14801165,0,0
0.8519917,1,1
0.35098213,0,0
0.7863559,1,1
0.045653284,0,0
0.1551687,0,0
0.69010997,1,0
0.40164155,0,1
0.2042539,0,0
0.76525104,1,1
0.03491712,0,0
0.08685138,0,0
0.9319697,1,1
0.51947176,1,1
0.81058675,1,0
0.016378378,0,0
0.78707075,1,1
0.9240339,1,1
0.9552602,1,1
0.30669394,0,1
0.95724064,1,1
0.26611936,0,0
0.24134412,0,0
0.8666826,1,1
0.1166382,0,0
0.73926157,1,1
0.30171654,0,0
0.17151052,0,1
0.9456929,1,1
0.9022919,1,1
0.13425584,0,0
0.04474838,0,0
0.18541999,0,0
0.74527836,1,1
0.8523677,1,1
0.020855954,0,0
0.20684873,0,0
0.12411745,0,0
0.8993147,1,1
0.0282197,0,0
0.92299515,1,1
0.19601537,0,0
0.028735604,0,0
0.5882867,1,1
0.17797153,0,0
0.09321672,0,0
0.7370032,1,1
0.24924587,0,0
0.9658643,1,1
0.85482115,1,1
0.33474627,0,0
0.24484289,0,0
0.12112321,0,0
0.45687997,0,0
0.81733745,1,1
0.22369039,0,0
0.80266446,1,1
0.09834185,0,0
0.91424626,1,1
0.7509885,1,0
0.85953325,1,1
0.7656378,1,1
0.9142579,1,1
0.81121945,1,0
0.61578304,1,1
0.4813246,0,1
0.8509731,1,1
0.13010953,0,0
0.6731535,1,1
0.9493351,1,1
0.6890136,1,1
0.9582473,1,1
0.71661156,1,1
0.9026563,1,1
0.7147477,1,1
0.9428753,1,1
0.17218894,0,0
0.5166537,1,1
0.26478508,0,1
0.625317,1,1
0.05287903,0,0
0.01594419,0,0
0.6411698,1,1
0.85815835,1,0
0.13574655,0,0
0.31505272,0,1
0.40144086,0,0
0.11619961,0,0
0.9054339,1,1
0.8062646,1,1
0.34088057,0,1
0.327542,0,1
0.2899586,0,1
0.51674247,1,1
0.95890015,1,1
0.013630032,0,0
0.6075756,1,1
0.6189833,1,0
0.94811845,1,1
0.11294418,0,0
0.9142027,1,1
0.9262963,1,1
0.93156254,1,1
0.81765884,1,1
0.844163,1,1
0.83623976,1,1
0.9554433,1,1
0.64572346,1,0
0.12533645,0,0
0.3477865,0,0
0.43881965,0,0
0.102631,0,0
0.05295021,0,0
0.95268506,1,1
0.7716838,1,1
0.047342554,0,0
0.8851978,1,1
0.87036467,1,0
0.9323537,1,1
0.94247246,1,1
0.9312778,1,1
0.107901424,0,0
0.17071967,0,0
0.39184234,0,0
0.27067128,0,0
0.3372902,0,1
0.17536609,0,0
0.14658551,0,1
0.11751845,0,0
0.92042047,1,1
0.25220272,0,0
0.8970201,1,1
0.75622135,1,1
0.04273467,0,0
0.099578306,0,0
0.7735554,1,1
0.9267311,1,1
0.12425874,0,0
0.86247164,1,1
0.74210775,1,0
0.9486133,1,1
0.8716545,1,1
0.5721948,1,1
0.5834629,1,1
0.80916995,1,1
0.5920684,1,0
0.86744446,1,1
0.03246522,0,0
0.7636327,1,0
0.9684503,1,1
0.72223204,1,1
0.17095819,0,0
0.9329884,1,1
0.43126044,0,0
0.6264198,1,0
0.11420482,0,0
0.24082099,0,0
0.22560212,0,1
0.64656264,1,0
0.9434928,1,1
0.90894765,1,1
0.9624225,1,1
0.8245636,1,1
0.9753863,1,1
0.914473,1,1
0.7657332,1,1
0.1936955,0,0
0.9384258,1,1
0.9264809,1,1
0.8690838,1,1
0.16458862,0,0
0.6048869,1,1
0.5024633,1,0
0.9023195,1,1
0.110640675,0,0
0.61291265,1,1
0.861122,1,1
0.7710714,1,1
0.23859376,0,0
0.38626862,0,1
0.9534374,1,1
0.90501934,1,1
0.90303284,1,1
0.65781623,1,1
0.09478869,0,0
0.8957165,1,1
0.89560544,1,1
0.80332536,1,0
0.07007719,0,0
0.2120743,0,0
0.2007739,0,0
0.955503,1,1
0.6288277,1,1
0.90646535,1,1
0.8439865,1,1
0.044803936,0,0
0.2966928,0,0
0.977394,1,1
0.28079188,0,0
0.9081499,1,1
0.6089982,1,0
0.07456627,0,0
0.025925495,0,0
0.20694217,0,0
0.232799,0,0
0.7714051,1,1
0.8192591,1,1
0.90595347,1,1
0.8351916,1,1
0.90044355,1,1
0.86052626,1,1
0.92017823,1,1
0.87906724,1,0
0.9331224,1,1
0.9627384,1,1
0.91396546,1,1
0.8342018,1,1
0.90292513,1,1
0.9557213,1,1
0.20778736,0,0
0.9483467,1,1
0.7148382,1,1
0.9026435,1,1
0.15693474,0,0
0.9756387,1,1
0.8819888,1,1
0.8579711,1,1
0.7261108,1,1
0.26985967,0,1
0.63794357,1,1
0.27154213,0,0
0.920538,1,1
0.18464041,0,0
0.8006307,1,1
0.057065967,0,0
0.8470945,1,1
0.9672185,1,1
0.19939898,0,0
0.8310305,1,1
0.91823786,1,1
0.4091161,0,0
0.3823001,0,0
0.9162308,1,1
0.6136373,1,1
0.5700544,1,0
0.95034724,1,1
0.6827954,1,0
0.81200844,1,1
0.96322554,1,1
0.070969045,0,0
0.29242182,0,0
0.9436339,1,1
0.6204169,1,0
0.24795139,0,0
0.931731,1,1
0.09905259,0,0
0.75441396,1,1
0.8370169,1,0
0.95660335,1,1
0.64424765,1,0
0.97792256,1,1
0.041458983,0,0
0.87089413,1,1
0.873875,1,1
0.8856153,1,1
0.061415505,0,0
0.5843975,1,1
0.8810735,1,1
0.060179047,0,0
0.90579647,1,1
0.14503078,0,0
0.18084246,0,0
0.8826114,1,1
0.8439396,1,1
0.81811917,1,1
0.94162303,1,0
0.30580318,0,1
0.5749986,1,1
0.7044105,1,1
0.22799864,0,1
0.8502444,1,1
0.2849908,0,0
0.75918067,1,1
0.6455949,1,1
0.5962695,1,0
0.34603494,0,0
0.8665485,1,1
0.7433235,1,1
0.90647674,1,1
0.11037159,0,0
0.5907442,1,1
0.27223602,0,0
0.60218227,1,0
0.14237872,0,0
0.8933624,1,1
0.95420283,1,1
0.09662473,0,0
0.9063143,1,1
0.8952372,1,1
0.6658891,1,0
0.08967828,0,0
0.9649999,1,1
0.17279202,0,1
0.5924761,1,1
0.07952554,0,0
0.96356267,1,1
0.8241035,1,1
0.73423976,1,1
0.06662321,0,0
0.785182,1,1
0.1399525,0,0
0.93137646,1,1
0.68608093,1,1
0.11981921,0,0
0.72378296,1,1
0.17592113,0,0
0.87352324,1,1
0.2666383,0,0
0.68991417,1,1
0.82333636,1,0
0.89359623,1,1
0.30906633,0,0
0.13917144,0,1
0.9329189,1,1
0.64804107,1,1
0.8662121,1,1
0.8083492,1,0
0.35251087,0,0
0.93945956,1,1
0.3100082,0,0
0.7158925,1,1
0.051668976,0,0
0.29031742,0,0
0.2091788,0,0
0.1382698,0,0
0.034173716,0,0
0.56381905,1,1
0.9649715,1,1
0.04155353,0,0
0.94693017,1,1
0.15731919,0,0
0.8766374,1,1
0.94746727,1,1
0.90600365,1,1
0.92085844,1,1
0.87027854,1,1
0.8758029,1,1
0.52737546,1,1
0.9435729,1,1
0.07173071,0,0
0.9652151,1,1
0.9579141,1,1
0.09106458,0,0
0.31315386,0,1
0.27315524,0,0
0.056773618,0,0
0.61069685,1,1
0.91216284,1,1
0.20924616,0,0
0.49215266,0,1
0.9733858,1,1
0.5643142,1,1
0.2230124,0,0
0.9595453,1,0
0.05387623,0,0
0.88440293,1,1
0.120927356,0,0
0.085111015,0,0
0.564861,1,0
0.81103915,1,1
0.93258595,1,1
0.02812024,0,0
0.9257616,1,0
0.863751,1,1
0.1218816,0,0
0.5328042,1,0
0.82603604,1,1
0.20920299,0,0
0.91276103,1,1
0.85839945,1,1
0.95957035,1,1
0.1839248,0,1
0.04123567,0,0
0.24157615,0,0
0.8938345,1,1
0.7478539,1,0
0.3068174,0,0
0.16504343,0,0
0.5892707,1,1
0.9204372,1,1
0.6050174,1,1
0.9505589,1,1
0.97604555,1,1
0.20061728,0,0
0.89812434,1,1
0.27185592,0,1
0.87429804,1,1
0.9379983,1,1
0.9147197,1,1
0.0512513,0,0
0.23643756,0,0
0.29114574,0,0
0.01783334,0,0
0.7825825,1,1
0.8132161,1,1
0.86360633,1,1
0.7277668,1,1
0.19076997,0,0
0.9614876,1,1
0.81680113,1,0
0.871108,1,0
0.7007007,1,1
0.7704692,1,0
0.19093695,0,0
0.9393126,1,1
0.13561864,0,0
0.75626206,1,1
0.91842806,1,1
0.8678257,1,1
0.9383642,1,1
0.121265806,0,0
0.76422876,1,0
0.91065353,1,1
0.33172804,0,0
0.9150728,1,1
0.9315929,1,1
0.06352999,0,0
0.016849196,0,0
0.15816262,0,0
0.29606432,0,1
0.11612355,0,0
0.90378124,1,1
0.17607737,0,0
0.8757035,1,1
0.53690076,1,1
0.937428,1,1
0.94441503,1,1
0.63267523,1,1
0.07631436,0,0
0.7125702,1,0
0.18131182,0,0
0.107239805,0,0
0.931712,1,1
0.8998469,1,1
0.71738225,1,1
0.24851336,0,0
0.10543569,0,1
0.20164272,0,0
0.20598029,0,0
0.8832569,1,1
0.8864212,1,1
0.10638213,0,0
0.7980134,1,1
0.7480025,1,0
0.33717716,0,0
0.9454455,1,1
0.86648744,1,1
0.21710594,0,0
0.19355968,0,0
0.1785655,0,0
0.74737716,1,1
0.22666265,0,0
0.89716464,1,1
0.9048076,1,1
0.8519917,1,1
0.7559352,1,1
0.8432288,1,1
0.933502,1,1
0.90466547,1,1
0.666988,1,1
0.11509657,0,1
0.1213174,0,0
0.79078114,1,1
0.9607455,1,1
0.7220889,1,1
0.7318554,1,1
0.8643705,1,1
0.5941428,1,1
0.9261245,1,1
0.32333466,0,0
0.8526861,1,1
0.6199224,1,1
0.20757367,0,0
0.048070133,0,0
0.8558992,1,1
0.6675494,1,0
0.03442655,0,0
0.12500793,0,0
0.30131426,0,0
0.8485496,1,1
0.7086215,1,1
0.48321882,0,0
0.95752746,1,1
0.90967757,1,1
0.9626235,1,1
0.05977865,0,0
0.022417478,0,0
0.9045273,1,1
0.044401113,0,0
0.8070572,1,1
0.95347804,1,1
0.46785322,0,0
0.9043815,1,1
0.94744766,1,1
0.04859991,0,0
0.8793783,1,1
0.7839705,1,1
0.7615641,1,1
0.85660094,1,1
0.028488204,0,1
0.9350586,1,0
0.8023997,1,0
0.5249265,1,1
0.7148169,1,1
0.021356052,0,0
0.925653,1,0
0.10654863,0,0
0.5544331,1,0
0.97528166,1,1
0.8427772,1,0
0.9136661,1,1
0.12398106,0,0
0.025305776,0,0
0.8517098,1,1
0.83447695,1,0
0.76606053,1,1
0.84494525,1,0
0.8953996,1,1
0.5841792,1,0
0.01455406,0,0
0.052544683,0,0
0.6840481,1,1
0.8121567,1,1
0.9710382,1,1
0.075285256,0,0
0.7269754,1,1
0.837634,1,1
0.9791541,1,1
0.9705695,1,1
0.9779831,1,1
0.9787275,1,1
0.6861635,1,1
0.9560273,1,1
0.6701841,1,1
0.64998853,1,1
0.91495776,1,1
0.920911,1,1
0.02780264,0,0
0.9163229,1,1
0.9443069,1,1
0.05543455,0,0
0.8998236,1,1
0.26029307,0,0
0.9324628,1,1
0.59848535,1,0
0.87600744,1,1
0.7678289,1,1
0.07674738,0,0
0.26545286,0,0
0.29149437,0,0
0.95649725,1,1
0.62312967,1,0
0.96700805,1,1
0.049001124,0,0
0.21478464,0,0
0.9254773,1,1
0.9562044,1,1
0.03825165,0,0
0.83374983,1,1
0.7934214,1,1
0.94993496,1,1
0.13228549,0,0
0.19812912,0,0
0.839089,1,1
0.019954154,0,0
0.28979972,0,0
0.9313905,1,1
0.21934795,0,1
0.29396248,0,0
0.045555532,0,0
0.10393386,0,0
0.2527788,0,0
0.8817094,1,1
0.20398557,0,0
0.54606247,1,0
0.898938,1,1
0.75840914,1,1
0.9566714,1,1
0.94802064,1,1
0.65180135,1,1
0.9385883,1,1
0.6416999,1,1
0.034643684,0,0
0.9685338,1,1
0.0723907,0,0
0.92326087,1,1
0.54761636,1,0
0.9476479,1,1
0.32174307,0,0
0.20549177,0,0
0.9092511,1,1
0.25567722,0,0
0.66284645,1,0
0.15083651,0,0
0.6572791,1,1
0.1277147,0,0
0.13687085,0,0
0.08792275,0,0
0.930111,1,1
0.49240145,0,0
0.8559105,1,1
0.6205606,1,1
0.7645549,1,1
0.03701542,0,0
0.55824924,1,0
0.37657177,0,1
0.82726413,1,1
0.34081483,0,0
0.8840016,1,1
0.95562893,1,1
0.074316666,0,0
0.7593655,1,1
0.71693605,1,0
0.8334838,1,1
0.06292583,0,0
0.44459924,0,0
0.87143695,1,1
0.25555462,0,0
0.91444147,1,1
0.018938674,0,0
0.7596747,1,1
0.8752713,1,1
0.027956853,0,0
0.6628155,1,0
0.31718814,0,0
0.04433869,0,0
0.60873866,1,1
0.61132157,1,1
0.08015647,0,0
0.76869017,1,1
0.24530958,0,0
0.8915226,1,1
0.13713975,0,0
0.940776,1,1
0.868065,1,0
0.44837824,0,0
0.9237677,1,1
0.9248369,1,1
0.5920936,1,0
0.66631293,1,1
0.9657993,1,1
0.18746835,0,0
0.107435584,0,0
0.9524701,1,1
0.61157906,1,1
0.18274087,0,0
0.6026282,1,0
0.9711827,1,1
0.28033766,0,0
0.96389794,1,1
0.26355156,0,0
0.2878513,0,0
0.07307609,0,0
0.5800831,1,1
0.19776352,0,1
0.74993664,1,1
0.14812294,0,0
0.010180627,0,0
0.5152581,1,1
0.5459951,1,0
0.2985784,0,0
0.21128722,0,0
0.8937658,1,0
0.48557717,0,0
0.9433507,1,1
0.7572574,1,1
0.6190035,1,1
0.23103815,0,0
0.2602527,0,0
0.837221,1,1
0.7736163,1,1
0.7242317,1,1
0.86535764,1,1
0.10260081,0,0
0.8634091,1,1
0.7829124,1,1
0.6663777,1,0
0.9158818,1,1
0.08976549,0,0
0.84611946,1,1
0.16100645,0,0
0.9007483,1,1
0.49456432,0,0
0.24746132,0,0
0.74982625,1,1
0.32120427,0,1
0.18120927,0,1
0.5069549,1,0
0.28780234,0,0
0.948268,1,1
0.8851061,1,1
0.2099366,0,1
0.9656127,1,1
0.9503212,1,1
0.9476425,1,1
0.7617771,1,1
0.18229587,0,1
0.10542837,0,0
0.92077297,1,1
0.906744,1,1
0.8782994,1,1
0.93920255,1,1
0.1101444,0,0
0.7785688,1,1
0.73434365,1,1
0.9089861,1,1
0.86627877,1,1
0.97920084,1,1
0.31547418,0,0
0.032348413,0,0
0.11137594,0,0
0.8542395,1,1
0.4948714,0,1
0.93597275,1,1
0.051310528,0,0
0.66323763,1,0
0.73935616,1,0
0.8984177,1,1
0.8077706,1,0
0.09680668,0,1
0.37269914,0,0
0.06311723,0,0
0.7445062,1,1
0.17646006,0,0
0.86770517,1,1
0.16184248,0,0
0.049848113,0,0
0.97282004,1,1
0.22412404,0,0
0.91667086,1,1
0.030793114,0,1
0.6012484,1,1
0.30643204,0,1
0.5737717,1,1
0.9582961,1,1
0.029699951,0,0
0.90927184,1,1
0.77796245,1,0
0.5819614,1,1
0.93613654,1,1
0.05215053,0,0
0.8603915,1,1
0.49448153,0,0
0.9053477,1,1
0.6185797,1,0
0.9731406,1,1
0.95133924,1,1
0.87836117,1,1
0.92376447,1,1
0.7168836,1,1
0.18816611,0,0
0.98038876,1,1
0.9281873,1,1
0.05760209,0,0
0.9139849,1,1
0.94570005,1,1
0.658999,1,1
0.8795369,1,1
0.97632784,1,1
0.7638367,1,1
0.8895687,1,1
0.5717125,1,0
0.44921544,0,1
0.78597677,1,0
0.24851342,0,0
0.16332829,0,0
0.63265616,1,1
0.86515385,1,1
0.95177835,1,1
0.48372555,0,1
0.8720267,1,0
0.9311377,1,1
0.5886619,1,1
0.77843624,1,0
0.97032523,1,1
0.6604779,1,1
0.91379035,1,1
0.8841526,1,1
0.6922675,1,0
0.7225594,1,1
0.8958713,1,1
0.61237234,1,0
0.9630563,1,1
0.7049346,1,0
0.77170694,1,1
0.9429915,1,1
0.04331273,0,0
0.11581369,0,0
0.6649677,1,1
0.931893,1,1
0.8778498,1,1
0.8925368,1,1
0.07144385,0,0
0.913175,1,1
0.39903864,0,1
0.61085904,1,0
0.95626533,1,1
0.20971763,0,1
0.8058748,1,1
0.07371963,0,0
0.9430973,1,1
0.90285885,1,1
0.19142494,0,0
0.7205441,1,0
0.4212272,0,1
0.9753435,1,1
0.96174043,1,1
0.81830394,1,1
0.8308726,1,1
0.19732222,0,0
0.71145916,1,1
0.052722484,0,0
0.8956129,1,1
0.4983558,0,1
0.9318409,1,1
0.26710236,0,0
0.85100716,1,1
0.16907856,0,1
0.7466951,1,1
0.71407884,1,0
0.87741137,1,1
0.08143481,0,0
0.96603715,1,1
0.9334797,1,1
0.17864388,0,0
0.92921805,1,1
0.8603779,1,1
0.9618492,1,1
0.9061211,1,1
0.96653605,1,1
0.243967,0,0
0.9186373,1,1
0.85119885,1,1
0.07715471,0,0
0.9235488,1,1
0.9016284,1,0
0.6273932,1,1
0.27292144,0,1
0.9444465,1,1
0.054127216,0,0
0.89538294,1,0
0.7533192,1,1
0.044855468,0,0
0.26338047,0,0
0.66944116,1,1
0.76271033,1,1
0.8805461,1,1
0.91486263,1,1
0.69794315,1,1
0.61999315,1,1
0.28381458,0,1
0.9585317,1,1
0.13981368,0,0
0.9152736,1,1
0.7624693,1,0
0.065103,0,0
0.9027578,1,1
0.919138,1,1
0.10991197,0,0
0.9673428,1,1
0.9074037,1,1
0.8974903,1,1
0.7566112,1,0
0.04227596,0,0
0.4922103,0,0
0.84183764,1,1
0.97250134,1,1
0.26522088,0,0
0.93347895,1,1
0.1355223,0,0
0.9048358,1,1
0.21159872,0,0
0.8847617,1,0
0.6170085,1,1
0.9493003,1,1
0.099200316,0,0
0.51343566,1,1
0.76629806,1,1
0.26919934,0,0
0.60530627,1,0
0.035654336,0,0
0.80628043,1,1
0.9109321,1,1
0.7306669,1,1
0.0951537,0,0
0.82768047,1,1
0.7044105,1,1
0.10259276,0,0
0.8965036,1,1
0.2968203,0,0
0.48596436,0,0
0.06460202,0,0
0.75969595,1,1
0.95425135,1,1
0.9423398,1,1
0.07824902,0,0
0.30727917,0,1
0.04328828,0,0
0.8956091,1,1
0.75979996,1,1
0.6424876,1,1
0.9569997,1,1
0.72248465,1,1
0.8758128,1,1
0.892513,1,1
0.19838779,0,0
0.94139576,1,1
0.31426173,0,1
0.6715039,1,1
0.64920723,1,1
0.4738518,0,0
0.13413922,0,0
0.030517956,0,0
0.93282425,1,1
0.9115792,1,1
0.9086564,1,1
0.88948655,1,1
0.91321254,1,1
0.590298,1,0
0.13723072,0,0
0.6736761,1,1
0.7685859,1,0
0.23076817,0,0
0.9753373,1,1
0.34521502,0,0
0.925261,1,1
0.5852953,1,0
0.22648658,0,0
0.09719711,0,0
0.8512068,1,1
0.9813565,1,1
0.9117108,1,1
0.8907675,1,1
0.09159456,0,0
0.6056299,1,1
0.6455328,1,1
0.9489029,1,1
0.07318837,0,0
0.08239302,0,0
0.77689964,1,1
0.7290962,1,1
0.27387345,0,1
0.9149713,1,1
0.3027923,0,0
0.65784883,1,0
0.6946181,1,0
0.052077394,0,0
0.60044783,1,1
0.41642243,0,1
0.6178087,1,0
0.84306616,1,1
0.84493047,1,1
0.9089924,1,1
0.12159568,0,0
0.5611284,1,0
0.8900709,1,1
0.1991849,0,0
0.050530355,0,0
0.7126989,1,1
0.88013035,1,1
0.22871976,0,0
0.91366065,1,1
0.8938945,1,1
0.26916736,0,0
0.6220757,1,0
0.91063803,1,1
0.43253607,0,1
0.7406732,1,0
0.9419042,1,1
0.087763414,0,0
0.565142,1,1
0.31877297,0,0
0.7817891,1,1
0.46007276,0,1
0.9733819,1,1
0.9445906,1,1
0.94691306,1,1
0.08573683,0,0
0.215056,0,0
0.46138912,0,1
0.90614474,1,1
0.13232607,0,0
0.9183012,1,1
0.048427023,0,0
0.037213553,0,0
0.8851441,1,1
0.7800275,1,1
0.12181973,0,0
0.107106425,0,0
0.9441066,1,1
0.8054526,1,1
0.08253549,0,0
0.93826425,1,1
0.95096385,1,1
0.93010193,1,1
0.82739174,1,1
0.9471118,1,0
0.7949569,1,0
0.60417897,1,1
0.87552553,1,1
0.8766328,1,1
0.7711376,1,1
0.068680935,0,0
0.22175738,0,1
0.19796513,0,0
0.35545093,0,1
0.79671943,1,1
0.963835,1,1
0.721028,1,1
0.5434833,1,1
0.41875315,0,0
0.032223903,0,0
0.26543456,0,0
0.02881056,0,0
0.23795639,0,0
0.23271152,0,0
0.2403892,0,0
0.91001683,1,1
0.048916653,0,0
0.59309715,1,0
0.120652564,0,1
0.8646939,1,1
0.308029,0,0
0.6698086,1,0
0.96161795,1,1
0.9470924,1,1
0.12459597,0,0
0.099334896,0,0
0.02132752,0,0
0.8238051,1,1
0.33698538,0,0
0.6078776,1,1
0.08165008,0,0
0.2557354,0,0
0.88632756,1,1
0.86960906,1,1
0.9519309,1,1
0.94932824,1,1
0.8671251,1,1
0.9730047,1,1
0.9780418,1,1
0.86791927,1,1
0.69339097,1,1
0.9090196,1,1
0.26206136,0,0
0.25530937,0,0
0.8781792,1,1
0.94449705,1,1
0.09092249,0,0
0.8648081,1,1
0.7861346,1,1
0.95266384,1,1
0.06862413,0,0
0.08222183,0,0
0.86464983,1,1
0.96249753,1,1
0.07439534,0,0
0.7523721,1,0
0.9397457,1,1
0.14123698,0,0
0.8692358,1,1
0.22070292,0,0
0.87761754,1,1
0.30375195,0,0
0.94256383,1,1
0.953368,1,1
0.9278828,1,1
0.9627985,1,1
0.14227024,0,0
0.05769522,0,0
0.78553617,1,1
0.21120104,0,0
0.89237267,1,1
0.13047701,0,0
0.88872784,1,1
0.68566287,1,1
0.58837664,1,1
0.92452794,1,1
0.8856793,1,1
0.9479556,1,1
0.95204204,1,1
0.6034772,1,1
0.78380275,1,1
0.9047231,1,0
0.7623238,1,1
0.6025428,1,0
0.114460714,0,0
0.6166043,1,1
0.24474959,0,0
0.6839805,1,0
0.10583959,0,1
0.5827029,1,0
0.6653199,1,1
0.33217692,0,0
0.845058,1,0
0.053474374,0,0
0.485674,0,0
0.7592207,1,1
0.754048,1,1
0.8002535,1,1
0.0881893,0,0
0.73144954,1,1
0.3663638,0,1
0.1485653,0,0
0.84736854,1,0
0.69242316,1,0
0.579029,1,0
0.9317312,1,1
0.03257285,0,0
0.59887505,1,1
0.04224929,0,0
0.26672527,0,1
0.607611,1,1
0.90620136,1,1
0.8630343,1,1
0.30648407,0,0
0.108290024,0,0
0.20787159,0,0
0.9793931,1,1
0.90209997,1,1
0.8438019,1,1
0.79032886,1,0
0.08217716,0,0
0.6086463,1,1
0.52319187,1,0
0.96732146,1,1
0.62409556,1,1
0.8879682,1,1
0.7033212,1,0
0.8712041,1,1
0.9443637,1,1
0.9694566,1,1
0.07123242,0,0
0.95764685,1,1
0.6119749,1,0
0.5311078,1,1
0.2501498,0,0
0.9689288,1,1
0.9217978,1,1
0.77003556,1,1
0.28474236,0,0
0.8832894,1,1
0.84593695,1,1
0.5795482,1,1
0.8954582,1,1
0.099919744,0,0
0.2733648,0,0
0.14935032,0,0
0.92794716,1,1
0.2296047,0,0
0.21939045,0,0
0.07591904,0,0
0.0328194,0,0
0.8325911,1,1
0.9670721,1,1
0.25827906,0,0
0.20646794,0,0
0.11328283,0,1
0.87536174,1,1
0.13694775,0,0
0.61710423,1,1
0.8209909,1,0
0.062470287,0,0
0.63524276,1,1
0.8152283,1,1
0.6864402,1,0
0.71333176,1,1
0.9620623,1,1
0.82982713,1,1
0.8651242,1,1
0.94657975,1,1
0.8833958,1,0
0.8938163,1,1
0.92320764,1,1
0.75297415,1,1
0.8769116,1,1
0.96807635,1,1
0.89040154,1,1
0.4817845,0,1
0.29742557,0,0
0.034261487,0,0
0.9011537,1,1
0.10459329,0,0
0.54919237,1,1
0.4556124,0,1
0.6963777,1,1
0.9094365,1,1
0.7993007,1,1
0.9766427,1,1
0.118782714,0,0
0.094833046,0,0
0.061320376,0,0
0.84731156,1,1
0.31465197,0,0
0.90694183,1,1
0.29789802,0,0
0.967371,1,1
0.663635,1,1
0.69880635,1,0
0.90615994,1,1
0.8348914,1,1
0.77147907,1,1
0.1943172,0,1
0.86553156,1,1
0.5561139,1,0
0.59637076,1,1
0.4328904,0,1
0.32973662,0,0
0.96477,1,1
0.035421863,0,0
0.06894248,0,0
0.6048128,1,1
0.058751937,0,0
0.61769414,1,1
0.19158383,0,0
0.3952481,0,0
0.5710058,1,1
0.6066559,1,0
0.19232155,0,0
0.29167864,0,0
0.31772378,0,1
0.82414335,1,1
0.07208506,0,0
0.6123186,1,0
0.84256953,1,1
0.12688386,0,0
0.9385479,1,1
0.9614239,1,1
0.26954117,0,1
0.06547192,0,0
0.85114545,1,1
0.9101755,1,1
0.32504997,0,0
0.97584516,1,1
0.31997612,0,0
0.8979518,1,1
0.20066452,0,0
0.9429651,1,1
0.05502362,0,1
0.85891134,1,1
0.20861995,0,0
0.9616257,1,1
0.96989876,1,1
0.071301855,0,1
0.76795506,1,1
0.9068543,1,1
0.8927826,1,1
0.21532208,0,0
0.5813366,1,1
0.036472738,0,0
0.107303664,0,1
0.61155367,1,0
0.6097111,1,1
0.8675418,1,1
0.7965942,1,1
0.8727955,1,1
0.8208923,1,1
0.9322307,1,1
0.27893224,0,1
0.02124701,0,0
0.3507634,0,0
0.72067064,1,0
0.8762162,1,1
0.9360586,1,1
0.5718687,1,0
0.96742153,1,1
0.979772,1,1
0.14053781,0,0
0.9464027,1,1
0.24526677,0,1
0.12136041,0,0
0.4838318,0,1
0.4256253,0,1
0.21208875,0,0
0.0333795,0,0
0.3769576,0,1
0.9747303,1,1
0.60574883,1,1
0.025198752,0,0
0.4526208,0,1
0.5985997,1,0
0.94244385,1,1
0.15292576,0,0
0.039933145,0,0
0.79293644,1,1
0.92426693,1,1
0.18346624,0,0
0.1390354,0,0
0.43914732,0,1
0.10113884,0,0
0.9352548,1,1
0.039011873,0,0
0.9705045,1,1
0.5840475,1,1
0.03545233,0,0
0.89245826,1,1
0.9113726,1,1
0.9498452,1,1
0.9519163,1,1
0.9572211,1,1
0.75843906,1,1
0.92883325,1,1
0.06799962,0,0
0.75975955,1,1
0.92554045,1,1
0.11738751,0,1
0.8793719,1,1
0.9684741,1,1
0.12528776,0,0
0.078858025,0,0
0.96339214,1,1
0.715023,1,1
0.83689326,1,1
0.24573268,0,0
0.10630437,0,0
0.79565656,1,1
0.89429635,1,1
0.044453755,0,0
0.50623035,1,0
0.9070705,1,1
0.21462725,0,0
0.2945967,0,1
0.16820328,0,0
0.12662378,0,0
0.9063492,1,1
0.6870223,1,0
0.58247375,1,0
0.5651061,1,1
0.16106397,0,1
0.6435402,1,1
0.8746898,1,1
0.90361017,1,1
0.97616255,1,1
0.9139025,1,1
0.82672924,1,1
0.83372015,1,1
0.40689287,0,1
0.12243097,0,0
0.060544945,0,0
0.250469,0,0
0.23522732,0,0
0.14574307,0,0
0.03129647,0,0
0.49823663,0,0
0.7591448,1,1
0.9639776,1,1
0.056901157,0,0
0.96457356,1,1
0.20878643,0,1
0.44174734,0,0
0.072033055,0,0
0.964132,1,1
0.95002925,1,1
0.10914214,0,0
0.58377796,1,1
0.28071478,0,0
0.9114266,1,1
0.77866083,1,1
0.8170372,1,0
0.070836164,0,0
0.18852045,0,0
0.70711076,1,1
0.8124229,1,1
0.22313169,0,0
0.084631704,0,0
0.48726046,0,1
0.044086594,0,0
0.92618924,1,1
0.46515888,0,0
0.7743158,1,1
0.9559516,1,1
0.7833596,1,1
0.5436422,1,0
0.95856035,1,1
0.8890435,1,1
0.95455205,1,1
0.11308308,0,0
0.7120249,1,0
0.7267406,1,0
0.93581855,1,1
0.20343764,0,0
0.9229024,1,1
0.870985,1,1
0.23591933,0,0
0.64778274,1,1
0.9505157,1,1
0.88805497,1,1
0.05859509,0,0
0.34410974,0,1
0.9786371,1,1
0.033618834,0,0
0.5983752,1,1
0.45103273,0,1
0.602073,1,1
0.8874872,1,1
0.09755288,0,0
0.5443486,1,0
0.59978056,1,1
0.9664883,1,1
0.438443,0,1
0.6568831,1,1
0.5630558,1,1
0.83893263,1,1
0.1283322,0,0
0.9611399,1,1
0.10147744,0,0
0.795977,1,0
0.97109705,1,1
0.29958907,0,0
0.630018,1,0
0.7411393,1,1
0.9091243,1,1
0.8885759,1,0
0.1152022,0,0
0.61826116,1,0
0.29944792,0,1
0.7540358,1,1
0.85114014,1,1
0.63532597,1,1
0.036133427,0,0
0.7372295,1,1
0.9777517,1,1
0.6288923,1,1
0.26069695,0,1
0.86131334,1,1
0.66836256,1,1
0.3183469,0,1
0.80428255,1,1
0.96623826,1,1
0.34025586,0,1
0.95326877,1,1
0.7988897,1,0
0.9429143,1,1
0.8496449,1,1
0.90231824,1,1
0.8491908,1,0
0.8741078,1,1
0.9516722,1,1
0.94784325,1,1
0.40162805,0,1
0.9790766,1,1
0.85660625,1,1
0.593478,1,0
0.34433213,0,0
0.27832836,0,0
0.095682465,0,0
0.030528026,0,0
0.924431,1,1
0.5354134,1,0
0.8702361,1,1
0.9441761,1,1
0.91748965,1,1
0.82674015,1,1
0.030640736,0,0
0.24738446,0,0
0.09374773,0,0
0.7857436,1,1
0.8019217,1,1
0.35277444,0,0
0.9516498,1,1
0.90376157,1,1
0.7913748,1,0
0.283644,0,1
0.69159776,1,0
0.9311818,1,1
0.21974076,0,0
0.21668749,0,1
0.348168,0,0
0.8799398,1,1
0.17720221,0,0
0.68467605,1,0
0.8958522,1,0
0.76991165,1,0
0.49040082,0,1
0.9619662,1,1
0.5957556,1,1
0.7725687,1,1
0.6003874,1,1
0.35357386,0,0
0.043225914,0,0
0.77614534,1,1
0.88742906,1,1
0.9599964,1,1
0.17503193,0,0
0.9432545,1,1
0.9788112,1,1
0.23596753,0,0
0.49026772,0,0
0.83384657,1,1
0.036947597,0,0
0.45743617,0,1
0.9071091,1,1
0.042907286,0,0
0.045110255,0,0
0.893071,1,1
0.23510873,0,0
0.60913795,1,0
0.76285046,1,0
0.30186477,0,0
0.6089208,1,0
0.02514982,0,0
0.60744834,1,1
0.8620641,1,1
0.060257945,0,0
0.90369457,1,1
0.33411932,0,0
0.9375515,1,1
0.5922144,1,0
0.88128376,1,1
0.09850061,0,0
0.7212723,1,1
0.6144852,1,0
0.27951425,0,0
0.05000203,0,0
0.9439325,1,1
0.8799212,1,1
0.6315878,1,0
0.95941055,1,1
0.88517654,1,1
0.2644387,0,0
0.75646377,1,1
0.85737056,1,1
0.100400336,0,0
0.04396832,0,0
0.2612357,0,0
0.65249413,1,0
0.21143326,0,0
0.22287261,0,0
0.95909154,1,1
0.6503696,1,0
0.4561528,0,1
0.7470688,1,1
0.96083385,1,1
0.76834655,1,1
0.16287208,0,0
0.3856041,0,0
0.9335301,1,1
0.71044856,1,0
0.10502869,0,0
0.88847566,1,0
0.18906501,0,0
0.96728677,1,1
0.073318966,0,1
0.8856262,1,1
0.58727664,1,1
0.06857913,0,0
0.9432484,1,1
0.96594405,1,1
0.42226684,0,0
0.032248843,0,0
0.75955373,1,0
0.07155984,0,0
0.9090918,1,1
0.44157875,0,0
0.6497285,1,1
0.93133014,1,1
0.1098322,0,0
0.9187743,1,1
0.03397956,0,0
0.72423357,1,0
0.8795787,1,1
0.33382282,0,0
0.91087514,1,1
0.28470096,0,0
0.89600044,1,1
0.76870483,1,1
0.63682455,1,1
0.9575548,1,1
0.24984667,0,1
0.026572445,0,0
0.7430876,1,1
0.110678874,0,0
0.055900298,0,0
0.9553736,1,1
0.8893059,1,1
0.8476778,1,1
0.5057314,1,1
0.85074735,1,1
0.1331834,0,0
0.73798907,1,1
0.9342365,1,1
0.71312696,1,1
0.93455136,1,1
0.878757,1,1
0.3179015,0,1
0.9347779,1,1
0.04921234,0,0
0.7647574,1,1
0.8990493,1,1
0.89097595,1,0
0.13975522,0,0
0.50673157,1,1
0.93393886,1,1
0.9791059,1,1
0.25699377,0,0
0.20995085,0,0
0.97112864,1,1
0.8532365,1,1
0.70491034,1,0
0.24048251,0,0
0.34870145,0,0
0.5586059,1,1
0.30933714,0,0
0.9591644,1,1
0.86250067,1,1
0.3468791,0,0
0.3370227,0,1
0.8502628,1,1
0.5735885,1,0
0.120410316,0,0
0.52656895,1,0
0.8032949,1,1
0.735077,1,0
0.18403196,0,0
0.25985765,0,0
0.041866228,0,0
0.72096103,1,1
0.13704792,0,0
0.9294321,1,1
0.94369537,1,1
0.022567762,0,0
0.24226703,0,0
0.80263865,1,1
0.62244374,1,0
0.2195926,0,0
0.3025673,0,1
0.790077,1,1
0.97746176,1,1
0.9155438,1,1
0.42193,0,1
0.5842566,1,1
0.7110613,1,1
0.59407383,1,1
0.10832277,0,0
0.589825,1,1
0.24869424,0,0
0.93542105,1,1
0.5823943,1,0
0.13047153,0,0
0.9684317,1,1
0.19543238,0,1
0.013654138,0,0
0.9382743,1,1
0.78616893,1,1
0.22174035,0,0
0.9093482,1,1
0.433524,0,1
0.7047739,1,1
0.8938085,1,1
0.590356,1,0
0.7505579,1,1
0.64239997,1,1
0.7505638,1,0
0.8799835,1,1
0.8205064,1,1
0.611496,1,0
0.29814598,0,0
0.924445,1,1
0.044276427,0,0
0.8866953,1,1
0.9151904,1,1
0.31585813,0,0
0.7145724,1,1
0.7674097,1,0
0.49882266,0,1
0.56138396,1,0
0.9060575,1,1
0.88639367,1,0
0.8775014,1,1
0.9421496,1,1
0.6589694,1,1
0.92284423,1,1
0.112541676,0,1
0.5273069,1,1
0.085896574,0,0
0.28994155,0,0
0.78926736,1,0
0.9057628,1,0
0.31744787,0,0
0.8720432,1,1
0.62092185,1,0
0.20284657,0,1
0.24857686,0,1
0.7923532,1,1
0.8581978,1,1
0.92169356,1,0
0.16426967,0,0
0.45741546,0,0
0.96127284,1,0
0.04761018,0,0
0.09420089,0,0
0.62147456,1,1
0.04949085,0,0
0.871418,1,1
0.5727743,1,1
0.89859617,1,1
0.8692568,1,1
0.34328574,0,1
0.09910802,0,0
0.24184448,0,0
0.5329123,1,1
0.86116964,1,1
0.74452525,1,1
0.9651235,1,1
0.30244198,0,0
0.4427079,0,0
0.91050756,1,1
0.96906763,1,1
0.08589629,0,0
0.6894928,1,1
0.8522892,1,0
0.059935987,0,0
0.90464437,1,1
0.9290151,1,1
0.8795989,1,1
0.9661999,1,1
0.17035091,0,0
0.9064064,1,1
0.97914875,1,1
0.8308515,1,0
0.8996015,1,1
0.17105249,0,1
0.63490015,1,1
0.90028054,1,1
0.9563548,1,1
0.9143851,1,1
0.66979563,1,0
0.9288867,1,1
0.28476313,0,0
0.75262034,1,1
0.3295083,0,0
0.954506,1,1
0.22026049,0,0
0.90854424,1,0
0.9272129,1,1
0.97503656,1,1
0.72006005,1,1
0.082215175,0,0
0.9816611,1,1
0.11564346,0,0
0.8477299,1,1
0.84694266,1,1
0.6255533,1,1
0.06866794,0,0
0.57212144,1,0
0.11381275,0,0
0.025695154,0,0
0.92345226,1,1
0.6175209,1,1
0.7840657,1,1
0.45636284,0,0
0.85504955,1,1
0.889472,1,1
0.7528371,1,1
0.9531203,1,1
0.047261637,0,0
0.7922063,1,1
0.15519328,0,0
0.9130872,1,1
0.8870089,1,1
0.46104842,0,1
0.5160031,1,1
0.2722513,0,0
0.73738176,1,1
0.7046917,1,1
0.9288847,1,1
0.0483247,0,0
0.9259023,1,1
0.83690304,1,1
0.10338325,0,0
0.65209264,1,1
0.31130627,0,0
0.9278152,1,1
0.93445957,1,1
0.7930071,1,1
0.8878049,1,1
0.14919166,0,0
0.88503766,1,1
0.895181,1,1
0.14402401,0,0
0.1429313,0,0
0.7449528,1,1
0.7635383,1,1
0.77688324,1,1
0.48154753,0,1
0.26196036,0,1
0.32144594,0,1
0.8396656,1,1
0.20533033,0,0
0.92615235,1,1
0.69620794,1,0
0.93371993,1,1
0.6376808,1,0
0.9772429,1,1
0.83575904,1,1
0.23967797,0,0
0.8431923,1,0
0.86817634,1,1
0.1788762,0,0
0.55648136,1,0
0.86079055,1,1
0.79879576,1,1
0.16818301,0,0
0.13990961,0,0
0.2596492,0,0
0.920765,1,1
0.56347656,1,1
0.9611324,1,1
0.8636306,1,1
0.64341974,1,1
0.17318885,0,0
0.85704035,1,1
0.3302294,0,0
0.9382474,1,1
0.030847521,0,0
0.6171591,1,1
0.9696251,1,1
0.5669443,1,1
0.588663,1,0
0.09452493,0,0
0.0792247,0,0
0.023990206,0,0
0.90204394,1,1
0.8928287,1,1
0.32617876,0,0
0.1642521,0,0
0.09060023,0,0
0.7559231,1,1
0.8745795,1,1
0.58268803,1,1
0.5319718,1,1
0.94590336,1,1
0.91921085,1,1
0.92829067,1,1
0.1169374,0,1
0.1827474,0,0
0.9433696,1,1
0.9555333,1,1
0.5181055,1,1
0.11407966,0,0
0.35046124,0,1
0.95676017,1,1
0.5802548,1,0
0.8794704,1,1
0.5135225,1,1
0.7268978,1,0
0.92068696,1,1
0.074083015,0,0
0.33316275,0,0
0.91260225,1,1
0.7886012,1,1
0.083740495,0,0
0.75133586,1,1
0.9532041,1,1
0.6449139,1,1
0.9194054,1,1
0.8425136,1,1
0.8699673,1,1
0.95474464,1,1
0.60619557,1,0
0.82497054,1,1
0.6129752,1,1
0.9122841,1,1
0.95179737,1,1
0.12813263,0,0
0.62332785,1,1
0.6040547,1,0
0.5230173,1,1
0.7875489,1,1
0.9808755,1,1
0.9446354,1,1
0.05413227,0,0
0.94656205,1,1
0.091885716,0,0
0.80436826,1,1
0.61738765,1,1
0.9126249,1,1
0.4023256,0,1
0.8544661,1,1
0.90883833,1,1
0.92347246,1,1
0.15532658,0,0
0.8765344,1,0
0.96667325,1,1
0.03857124,0,0
0.9414506,1,1
0.07636027,0,0
0.8656902,1,1
0.6346439,1,1
0.9526832,1,1
0.95643574,1,1
0.17638035,0,0
0.58436155,1,1
0.74490356,1,1
0.25691482,0,0
0.21949428,0,0
0.8095512,1,1
0.82576984,1,1
0.6854153,1,1
0.9589912,1,1
0.87849206,1,1
0.59027195,1,0
0.06805619,0,0
0.9330672,1,1
0.8819596,1,1
0.95684177,1,1
0.9288881,1,0
0.8488579,1,1
0.61151576,1,1
0.08810072,0,0
0.94683653,1,1
0.9266174,1,1
0.9263718,1,1
0.8266928,1,1
0.06406926,0,0
0.41988,0,0
0.9296938,1,1
0.19657867,0,0
0.9504436,1,1
0.91955304,1,1
0.955039,1,1
0.92369294,1,1
0.9623346,1,1
0.63207835,1,1
0.5632692,1,0
0.847481,1,1
0.60892826,1,1
0.83993995,1,1
0.77068764,1,1
0.9400612,1,1
0.21135703,0,0
0.02758864,0,0
0.9763346,1,1
0.11300017,0,0
0.3474436,0,1
0.07451408,0,0
0.84633136,1,1
0.30301663,0,0
0.24977617,0,1
0.20594865,0,0
0.7577359,1,1
0.8896316,1,1
0.69302726,1,0
0.9138566,1,1
0.7511114,1,1
0.8211828,1,1
0.95598805,1,1
0.4387955,0,0
0.6154622,1,0
0.11543236,0,0
0.087176055,0,0
0.22506419,0,0
0.955232,1,1
0.048639122,0,0
0.84182155,1,0
0.9063151,1,1
0.06356813,0,0
0.9699659,1,1
0.955258,1,1
0.073376656,0,0
0.9436098,1,1
0.9118133,1,1
0.5476338,1,0
0.7671562,1,1
0.30456892,0,0
0.8659084,1,1
0.38813862,0,1
0.7095592,1,0
0.60607433,1,1
0.07749977,0,0
0.12838358,0,0
0.9130428,1,1
0.53302795,1,1
0.08456432,0,0
0.028536066,0,0
0.86245924,1,1
0.097548656,0,0
0.11746258,0,0
0.20503846,0,0
0.14083064,0,1
0.60099787,1,1
0.7208635,1,1
0.88430506,1,1
0.4602777,0,0
0.7642136,1,1
0.6979615,1,0
0.90321934,1,1
0.9453918,1,1
0.904796,1,1
0.2240661,0,0
0.95283544,1,1
0.15322101,0,0
0.6910997,1,1
0.083051234,0,0
0.40688923,0,1
0.8886672,1,1
0.7863106,1,1
0.929811,1,1
0.2027473,0,1
0.91930515,1,1
0.9737933,1,1
0.8981709,1,1
0.7697769,1,0
0.19845359,0,0
0.94544154,1,1
0.33887643,0,0
0.9324907,1,1
0.9096396,1,1
0.5934516,1,0
0.53814864,1,1
0.8862464,1,1
0.6167622,1,0
0.94006467,1,1
0.9722392,1,1
0.5823189,1,0
0.78864396,1,1
0.922501,1,1
0.66159195,1,1
0.9175005,1,1
0.9335862,1,1
0.9075221,1,1
0.9141706,1,1
0.98154944,1,1
0.1233721,0,0
0.05636577,0,0
0.37609568,0,0
0.94279677,1,1
0.85385936,1,1
0.60948884,1,1
0.09694742,0,0
0.95486265,1,1
0.79809254,1,1
0.9212016,1,1
0.2135283,0,1
0.6268917,1,0
0.023393337,0,0
0.68379384,1,1
0.97945124,1,1
0.22846252,0,1
0.8329051,1,1
0.8907485,1,1
0.6659452,1,1
0.393974,0,0
0.9042279,1,1
0.89688694,1,1
0.10593011,0,0
0.748902,1,1
0.65213865,1,1
0.9561784,1,1
0.39117533,0,1
0.6273806,1,1
0.043214925,0,0
0.841783,1,1
0.83904755,1,1
0.8729916,1,1
0.22128345,0,0
0.68414056,1,0
0.6174888,1,0
0.60446566,1,0
0.8658975,1,1
0.9559813,1,1
0.08227846,0,0
0.9213246,1,1
0.89881027,1,0
0.15054491,0,0
0.78534395,1,1
0.9433209,1,1
0.6006925,1,1
0.60856813,1,1
0.02038549,0,0
0.14196579,0,0
0.032930393,0,0
0.16891988,0,0
0.90274996,1,1
0.08518902,0,0
0.58054256,1,1
0.9004639,1,1
0.6016363,1,0
0.05625033,0,0
0.5247638,1,1
0.558883,1,0
0.45678976,0,1
0.59773403,1,0
0.95352906,1,1
0.91526425,1,1
0.9317457,1,1
0.07452161,0,0
0.9410881,1,1
0.91823596,1,1
0.8962069,1,1
0.1136174,0,0
0.6892246,1,1
0.12780224,0,0
0.9626785,1,1
0.9586529,1,1
0.7762427,1,1
0.95810765,1,1
0.2982607,0,0
0.13458787,0,0
0.7721286,1,1
0.074979104,0,1
0.89956486,1,1
0.8388729,1,1
0.17556898,0,0
0.95944345,1,1
0.7518165,1,1
0.65135443,1,1
0.9684484,1,1
0.94183946,1,1
0.44510403,0,0
0.82188326,1,1
0.25237855,0,1
0.8679004,1,1
0.95240283,1,1
0.24548392,0,0
0.8204629,1,1
0.89777035,1,1
0.87902147,1,0
0.79818094,1,1
0.7515327,1,1
0.86088365,1,1
0.8991084,1,1
0.20438763,0,0
0.61956966,1,1
0.15602343,0,1
0.32584703,0,1
0.9053873,1,1
0.5106288,1,1
0.05390965,0,0
0.9109182,1,1
0.6517832,1,1
0.9728143,1,1
0.746651,1,0
0.9629249,1,1
0.7408051,1,1
0.617512,1,0
0.11209228,0,0
0.60655755,1,0
0.9179019,1,1
0.78662,1,1
0.93515575,1,1
0.38588676,0,0
0.9184983,1,1
0.55597776,1,1
0.9225239,1,1
0.3006402,0,0
0.62172395,1,0
0.031455167,0,0
0.051810004,0,0
0.010474245,0,0
0.029959992,0,0
0.8442375,1,1
0.6326657,1,0
0.106407136,0,0
0.18915735,0,0
0.2986157,0,0
0.099929355,0,0
0.830925,1,1
0.054018416,0,0
0.7905053,1,1
0.9497985,1,1
0.76953006,1,0
0.6561553,1,1
0.38180602,0,0
0.13439152,0,0
0.14666389,0,0
0.97318923,1,1
0.33638495,0,1
0.14634866,0,0
0.9655619,1,1
0.94343275,1,1
0.11556727,0,0
0.17415279,0,0
0.8787153,1,0
0.96230644,1,1
0.15209723,0,0
0.064273134,0,0
0.95919275,1,1
0.92990553,1,1
0.10826061,0,0
0.9226435,1,1
0.8277562,1,1
0.7194623,1,1
0.023193663,0,0
0.9564187,1,1
0.22423181,0,0
0.39607176,0,0
0.7100307,1,1
0.20818268,0,0
0.8426941,1,1
0.96524596,1,1
0.63534755,1,0
0.61328614,1,1
0.13363431,0,0
0.94136995,1,1
0.16691479,0,0
0.90730107,1,1
0.75824314,1,1
0.017787237,0,0
0.91927564,1,1
0.7937172,1,1
0.48778975,0,0
0.86535466,1,1
0.93020475,1,1
0.07563753,0,0
0.25906256,0,0
0.97697306,1,1
0.5350665,1,0
0.36089018,0,0
0.9497728,1,1
0.08742367,0,0
0.11040409,0,0
0.85741764,1,1
0.048423365,0,0
0.8661913,1,1
0.80618256,1,1
0.083369374,0,0
0.92731345,1,1
0.21148244,0,0
0.806726,1,1
0.7679663,1,1
0.9158169,1,1
0.9256638,1,1
0.9668404,1,1
0.21859501,0,0
0.8499378,1,1
0.73664993,1,1
0.06321379,0,0
0.2836735,0,0
0.66569334,1,0
0.22905883,0,0
0.20418689,0,0
0.813387,1,1
0.85916996,1,1
0.5980904,1,1
0.92356646,1,1
0.6141486,1,0
0.062305108,0,0
0.95810795,1,1
0.93897337,1,1
0.6779875,1,1
0.24079041,0,0
0.9563352,1,1
0.079343386,0,0
0.10978789,0,0
0.18568985,0,1
0.60212505,1,1
0.29051027,0,0
0.33644664,0,0
0.3004397,0,1
0.643352,1,1
0.9194286,1,1
0.8213579,1,1
0.26253253,0,1
0.9371094,1,1
0.087327406,0,0
0.88727367,1,0
0.9078679,1,1
0.13345808,0,0
0.12522933,0,0
0.7854329,1,0
0.7044105,1,0
0.75997645,1,0
0.97767454,1,1
0.0686587,0,0
0.6799912,1,0
0.9573403,1,1
0.8500693,1,1
0.7665301,1,1
0.1394016,0,0
0.93783575,1,1
0.90202916,1,0
0.80372787,1,0
0.9137461,1,0
0.7908959,1,1
0.08943427,0,0
0.58416957,1,1
0.48105207,0,1
0.34769908,0,1
0.12526675,0,0
0.84070027,1,1
0.8957424,1,1
0.6487191,1,1
0.3449822,0,0
0.9547989,1,1
0.6094776,1,1
0.70558596,1,1
0.9534733,1,1
0.6680497,1,1
0.9716841,1,1
0.9541772,1,1
0.05406292,0,0
0.11081387,0,0
0.9172174,1,1
0.8751658,1,1
0.9287691,1,1
0.65623313,1,0
0.94867355,1,1
0.72131485,1,1
0.8513408,1,0
0.10414904,0,0
0.7803128,1,0
0.6720914,1,1
0.8869113,1,1
0.041989543,0,0
0.9347899,1,1
0.793724,1,1
0.24993254,0,1
0.9665059,1,1
0.29633465,0,1
0.9425108,1,1
0.31583804,0,0
0.0376732,0,0
0.5038745,1,0
0.060287826,0,0
0.25338945,0,0
0.5185278,1,1
0.31498727,0,0
0.30488154,0,0
0.04731212,0,0
0.9108207,1,1
0.8669266,1,1
0.059561964,0,0
0.7209821,1,1
0.29621714,0,1
0.473576,0,1
0.5978512,1,0
0.054737046,0,0
0.91628265,1,1
0.9235345,1,1
0.1438536,0,0
0.6216617,1,1
0.3779664,0,0
0.91732395,1,0
0.9380169,1,1
0.91677034,1,1
0.18071945,0,0
0.47671467,0,0
0.018832818,0,0
0.86574906,1,1
0.42061153,0,1
0.26047772,0,0
0.27251232,0,0
0.10777015,0,1
0.23165143,0,0
0.10393791,0,0
0.19072162,0,0
0.56908053,1,1
0.9451889,1,1
0.9240792,1,1
0.90046066,1,1
0.5962355,1,1
0.16570035,0,0
0.9271859,1,1
0.19926368,0,0
0.9471485,1,1
0.07636368,0,0
0.118188724,0,0
0.50947535,1,0
0.8940516,1,1
0.9451633,1,1
0.42704678,0,1
0.9600662,1,1
0.80249023,1,1
0.8562564,1,1
0.13562664,0,1
0.043549217,0,0
0.670826,1,1
0.9442171,1,1
0.10494537,0,0
0.77336746,1,1
0.8724788,1,1
0.306277,0,1
0.8792655,1,1
0.04088733,0,0
0.8871129,1,1
0.77643985,1,1
0.9526697,1,1
0.04512651,0,0
0.31124863,0,0
0.94202423,1,1
0.95623946,1,1
0.7953273,1,1
0.031853113,0,0
0.81912106,1,1
0.83199185,1,1
0.5962818,1,1
0.26590133,0,0
0.8273387,1,1
0.69955975,1,0
0.62729406,1,1
0.661399,1,1
0.5190683,1,0
0.06907635,0,0
0.91281486,1,1
0.06839523,0,0
0.2910835,0,0
0.88266516,1,0
0.9667633,1,1
0.27006048,0,0
0.9120279,1,1
0.08605155,0,0
0.6903725,1,1
0.30492884,0,0
0.8997582,1,1
0.938662,1,1
0.18332364,0,0
0.43411693,0,1
0.93772745,1,1
0.93727684,1,1
0.08221445,0,0
0.6108172,1,1
0.7938874,1,1
0.9369411,1,1
0.60146004,1,1
0.9026625,1,1
0.92535484,1,1
0.46270335,0,0
0.7207496,1,0
0.02458289,0,0
0.8322307,1,1
0.8332416,1,0
0.099690385,0,0
0.9593255,1,1
0.5312733,1,0
0.035834208,0,0
0.8854471,1,1
0.83134085,1,1
0.8903112,1,1
0.1451147,0,1
0.5864856,1,0
0.14151163,0,1
0.9678128,1,1
0.6082501,1,0
0.1958926,0,0
0.92920065,1,1
0.9363368,1,1
0.094642006,0,0
0.7044105,1,1
0.9600661,1,1
0.86663634,1,1
0.7369319,1,0
0.09329324,0,0
0.17665485,0,0
0.8780156,1,1
0.61383724,1,0
0.5433027,1,1
0.240069,0,1
0.9432711,1,1
0.71148264,1,1
0.9154489,1,1
0.16307564,0,0
0.29180712,0,0
0.97998786,1,1
0.055069633,0,0
0.04731096,0,0
0.9327634,1,1
0.08487517,0,0
0.6475273,1,0
0.91683346,1,1
0.117309116,0,0
0.16608424,0,1
0.56203073,1,0
0.46094316,0,0
0.61603624,1,1
0.5982555,1,1
0.21352969,0,0
0.86520517,1,0
0.9364013,1,1
0.89950806,1,1
0.075820595,0,0
0.9557957,1,1
0.85673064,1,1
0.9068301,1,1
0.9398278,1,1
0.29797405,0,1
0.17422605,0,0
0.88301927,1,1
0.06347376,0,0
0.91788954,1,1
0.23505403,0,0
0.946432,1,1
0.90562433,1,0
0.47162908,0,1
0.042067025,0,0
0.31322095,0,0
0.6438851,1,0
0.21672606,0,0
0.5812674,1,1
0.62436265,1,0
0.022096194,0,0
0.32494298,0,1
0.6282665,1,0
0.96477115,1,1
0.13758993,0,1
0.59802127,1,0
0.7647014,1,0
0.847272,1,1
0.8715224,1,1
0.6210964,1,0
0.19266357,0,0
0.9320422,1,1
0.85870427,1,1
0.89490443,1,1
0.87785375,1,1
0.6119012,1,1
0.22662263,0,0
0.6022156,1,0
0.0499405,0,0
0.920314,1,1
0.90928775,1,1
0.073409274,0,0
0.68994194,1,0
0.6659741,1,1
0.9265634,1,1
0.26062554,0,1
0.25322625,0,1
0.95368713,1,1
0.52084786,1,1
0.5998133,1,0
0.55812037,1,1
0.78186977,1,1
0.8492183,1,1
0.30859694,0,0
0.8585563,1,1
0.03279403,0,0
0.76721203,1,1
0.04790652,0,0
0.940772,1,0
0.9740613,1,1
0.19782166,0,0
0.05672794,0,0
0.21812628,0,0
0.6155852,1,1
0.6102739,1,1
0.06264938,0,0
0.59462076,1,0
0.9176588,1,1
0.60338223,1,1
0.9347813,1,1
0.7256761,1,1
0.14121307,0,0
0.5582295,1,0
0.9030011,1,1
0.8498273,1,1
0.11914123,0,0
0.9367366,1,1
0.6692393,1,1
0.9320831,1,1
0.14490446,0,0
0.9034253,1,1
0.8644816,1,1
0.8750155,1,1
0.8055465,1,1
0.28393814,0,0
0.18753724,0,0
0.26661858,0,0
0.6111871,1,0
0.011753847,0,0
0.3367373,0,0
0.056296136,0,0
0.02128535,0,0
0.12312282,0,0
0.5053432,1,0
0.87057775,1,1
0.80282736,1,1
0.8309043,1,1
0.96231717,1,1
0.773926,1,0
0.17440267,0,0
0.17649415,0,0
0.29242587,0,0
0.92631054,1,1
0.6240442,1,1
0.8949428,1,1
0.96684176,1,1
0.39370278,0,1
0.0505672,0,0
0.87203944,1,1
0.09096562,0,0
0.57440233,1,0
0.90526175,1,1
0.82524127,1,1
0.19475232,0,0
0.0248394,0,0
0.07009331,0,0
0.9530237,1,1
0.2903438,0,0
0.9641017,1,1
0.52331084,1,1
0.45386818,0,0
0.8545993,1,1
0.7817973,1,1
0.899136,1,0
0.95060015,1,1
0.5723029,1,0
0.21840733,0,1
0.65846145,1,1
0.9725232,1,1
0.18666755,0,0
0.46062613,0,0
0.8791041,1,1
0.77696276,1,0
0.78120565,1,1
0.96485204,1,1
0.6104643,1,1
0.17292616,0,0
0.14005138,0,0
0.35549757,0,0
0.6331047,1,0
0.21194007,0,0
0.9135542,1,1
0.76966935,1,0
0.9031822,1,1
0.8812722,1,1
0.16963103,0,0
0.054156568,0,0
0.9112,1,1
0.46647984,0,1
0.6140967,1,0
0.92688495,1,1
0.73964876,1,1
0.94613445,1,1
0.09697932,0,0
0.93474925,1,1
0.24906136,0,0
0.0703617,0,0
0.9503229,1,1
0.9599641,1,1
0.91348,1,1
0.21501826,0,0
0.77718526,1,1
0.88358486,1,1
0.10921546,0,0
0.35788438,0,0
0.8584431,1,1
0.8029638,1,1
0.06441666,0,0
0.6586245,1,1
0.43936992,0,0
0.6657463,1,1
0.6068998,1,1
0.5403782,1,0
0.91257495,1,1
0.046439476,0,0
0.09204503,0,0
0.9219292,1,1
0.7640132,1,0
0.9012194,1,1
0.96707225,1,1
0.9041423,1,1
0.60397005,1,0
0.8649596,1,1
0.6611599,1,1
0.30676016,0,0
0.3859848,0,0
0.6172117,1,0
0.14546129,0,0
0.0886393,0,1
0.86751705,1,1
0.6175519,1,1
0.60628474,1,1
0.7562166,1,0
0.81546617,1,0
0.7786041,1,1
0.9082404,1,1
0.66998345,1,0
0.89535636,1,1
0.20131075,0,0
0.77750474,1,1
0.58778644,1,0
0.100116104,0,1
0.81613964,1,1
0.19415255,0,0
0.064533904,0,0
0.92403,1,1
0.93057793,1,1
0.7837497,1,1
0.06533903,0,0
0.883366,1,1
0.4012599,0,0
0.9553255,1,1
0.75410867,1,1
0.9367063,1,1
0.8357723,1,1
0.9046539,1,1
0.7616431,1,1
0.8397011,1,1
0.46835756,0,1
0.9598925,1,1
0.23375243,0,0
0.17795667,0,0
0.29145062,0,0
0.04767668,0,0
0.33236837,0,1
0.13633679,0,0
0.75159496,1,1
0.89770234,1,1
0.8847486,1,1
0.21946692,0,0
0.053339407,0,0
0.9115506,1,1
0.7863557,1,1
0.023383759,0,0
0.21213837,0,0
0.3950242,0,1
0.7649218,1,1
0.6095043,1,0
0.12800525,0,0
0.9419213,1,1
0.16318838,0,0
0.7044105,1,0
0.96963656,1,1
0.89039904,1,1
0.19161204,0,0
0.8799384,1,1
0.59135795,1,1
0.87986994,1,1
0.96847445,1,1
0.9738349,1,1
0.87889475,1,1
0.8321855,1,1
0.07838641,0,0
0.9414923,1,1
0.053385675,0,0
0.07422308,0,0
0.806624,1,1
0.8245059,1,1
0.60127884,1,0
0.038904734,0,0
0.38838345,0,0
0.9048726,1,1
0.92042994,1,1
0.25946143,0,0
0.90640306,1,1
0.8867875,1,1
0.9202903,1,1
0.62568384,1,1
0.327168,0,0
0.13960882,0,0
0.7111374,1,0
0.5422474,1,0
0.23092781,0,0
0.961056,1,1
0.8676942,1,1
0.90975237,1,1
0.10830401,0,0
0.68288094,1,1
0.8635214,1,1
0.61028117,1,0
0.53027683,1,1
0.60724616,1,1
0.9622274,1,1
0.8913248,1,1
0.78846556,1,1
0.76920176,1,1
0.9391435,1,1
0.41019967,0,0
0.086059555,0,0
0.6605557,1,1
0.8833044,1,1
0.11929065,0,1
0.7909249,1,1
0.91927,1,1
0.97720325,1,1
0.76730424,1,1
0.9352278,1,1
0.11989385,0,0
0.86030465,1,1
0.024155555,0,0
0.6074839,1,1
0.43817005,0,0
0.93246436,1,1
0.11039112,0,0
0.96719867,1,1
0.6276126,1,1
0.32874104,0,0
0.159795,0,0
0.7207656,1,1
0.77673686,1,1
0.85816103,1,1
0.33376837,0,1
0.18120462,0,0
0.08173822,0,0
0.916607,1,1
0.14827736,0,0
0.9006956,1,1
0.9446015,1,1
0.043292224,0,0
0.21003234,0,0
0.20696051,0,0
0.9159475,1,1
0.8998659,1,1
0.9287442,1,1
0.15227215,0,1
0.17475533,0,0
0.35425803,0,0
0.051289458,0,0
0.26409978,0,0
0.95897907,1,1
0.21633978,0,0
0.67402846,1,1
0.9286229,1,1
0.10466253,0,0
0.8157598,1,1
0.7297449,1,1
0.9423972,1,1
0.6968657,1,1
0.0708043,0,0
0.04546619,0,0
0.88499117,1,1
0.780731,1,1
0.7667097,1,1
0.04531563,0,0
0.93691707,1,1
0.64151037,1,1
0.2843409,0,0
0.7475334,1,1
0.33109617,0,0
0.9578701,1,1
0.78674155,1,0
0.67059904,1,1
0.89144945,1,1
0.083973266,0,0
0.94937754,1,1
0.704906,1,1
0.8069736,1,1
0.44963962,0,0
0.9157931,1,0
0.1618627,0,0
0.6071084,1,0
0.9620347,1,1
0.9509207,1,1
0.96839005,1,1
0.3147027,0,0
0.9342309,1,1
0.90814984,1,1
0.911175,1,1
0.7386632,1,1
0.2467999,0,1
0.87931526,1,1
0.8056605,1,1
0.9214425,1,1
0.87173295,1,1
0.84956306,1,1
0.9267807,1,1
0.83946687,1,1
0.4468683,0,0
0.32322028,0,1
0.9587206,1,1
0.6681154,1,1
0.055122584,0,0
0.52977765,1,0
0.3431627,0,1
0.09373381,0,0
0.8099928,1,1
0.701578,1,0
0.9705663,1,1
0.7744586,1,1
0.9024576,1,1
0.9254036,1,1
0.81660384,1,1
0.94819766,1,1
0.9246393,1,1
0.55203086,1,0
0.099597335,0,0
0.08103933,0,0
0.34188995,0,0
0.77290887,1,1
0.27214858,0,1
0.7626186,1,0
0.2967522,0,1
0.59819937,1,1
0.48111236,0,0
0.46897948,0,1
0.6417749,1,1
0.75381196,1,1
0.9366435,1,1
0.9336206,1,1
0.9567568,1,1
0.9358172,1,1
0.07366261,0,0
0.6281992,1,0
0.32118925,0,1
0.7504074,1,1
0.8122778,1,1
0.8406141,1,1
0.56439954,1,1
0.12773696,0,0
0.7126952,1,1
0.9446392,1,1
0.89597005,1,1
0.30844083,0,0
0.028103199,0,0
0.26645875,0,0
0.31583357,0,0
0.8221556,1,1
0.031469535,0,0
0.17139718,0,1
0.0871828,0,0
0.8432807,1,1
0.8037575,1,1
0.85867035,1,1
0.8876231,1,1
0.8999259,1,1
0.9662507,1,1
0.24127112,0,0
0.8008297,1,1
0.88185644,1,1
0.9165331,1,1
0.2197626,0,1
0.6070025,1,0
0.92352515,1,1
0.8672687,1,1
0.13671097,0,0
0.9578904,1,1
0.7908653,1,0
0.15957423,0,0
0.94858646,1,1
0.8854571,1,1
0.96601236,1,1
0.60786813,1,1
0.14652658,0,0
0.16187717,0,0
0.76793444,1,0
0.6191334,1,1
0.5590565,1,1
0.7690309,1,1
0.112218685,0,0
0.8651746,1,1
0.9132609,1,1
0.9483887,1,1
0.6055668,1,1
0.89226365,1,1
0.17869875,0,0
0.6374838,1,1
0.89093715,1,1
0.31854078,0,1
0.7258329,1,0
0.21877831,0,0
0.0973103,0,0
0.32569566,0,0
0.8876085,1,1
0.9226936,1,1
0.05364248,0,0
0.76594007,1,0
0.84747297,1,1
0.893999,1,1
0.9522786,1,1
0.94819564,1,1
0.94382083,1,1
0.60367846,1,1
0.97312444,1,1
0.93159294,1,1
0.31076092,0,0
0.23383291,0,0
0.8939198,1,1
0.9531899,1,1
0.77208155,1,1
0.51061285,1,1
0.885239,1,1
0.8597146,1,1
0.80125105,1,1
0.9180423,1,1
0.20578049,0,0
0.8766339,1,1
0.27682918,0,0
0.953278,1,1
0.77690446,1,1
0.9412502,1,1
0.60549986,1,1
0.785399,1,1
0.0774958,0,0
0.87415606,1,1
0.24911858,0,0
0.17835894,0,0
0.81553924,1,0
0.7817187,1,1
0.87789565,1,1
0.18368854,0,0
0.29496494,0,0
0.888046,1,1
0.19377415,0,1
0.1433669,0,0
0.9107818,1,1
0.58405787,1,0
0.114268176,0,0
0.4827956,0,1
0.3139982,0,0
0.62723684,1,1
0.15456194,0,0
0.6149941,1,1
0.9804449,1,1
0.770897,1,0
0.88392013,1,1
0.12870182,0,0
0.5904318,1,1
0.9013808,1,1
0.4225641,0,0
0.14326872,0,0
0.21032278,0,0
0.6223739,1,0
0.92396855,1,1
0.77861196,1,1
0.95154464,1,1
0.47069058,0,1
0.81832,1,1
0.8752652,1,1
0.9235226,1,1
0.8747887,1,1
0.9263658,1,1
0.5995217,1,1
0.9205759,1,0
0.7239305,1,1
0.1928774,0,0
0.63205886,1,1
0.9355582,1,1
0.24145076,0,0
0.18245247,0,0
0.11136183,0,1
0.91720694,1,1
0.76405644,1,1
0.5798348,1,1
0.12633656,0,0
0.083667666,0,0
0.27395898,0,0
0.93279034,1,1
0.32223675,0,1
0.27501416,0,1
0.72308904,1,1
0.067415096,0,0
0.25141558,0,0
0.95721036,1,1
0.9046386,1,1
0.17649035,0,0
0.305619,0,0
0.9185033,1,0
0.33303514,0,0
0.95107985,1,1
0.04361401,0,0
0.08579262,0,0
0.10826031,0,0
0.09194988,0,0
0.93743855,1,1
0.96502906,1,1
0.94416225,1,1
0.17795965,0,0
0.96181124,1,1
0.83502483,1,1
0.0808581,0,0
0.11478797,0,0
0.086598545,0,0
0.9142618,1,1
0.93962675,1,1
0.7354274,1,0
0.053169984,0,0
0.86738867,1,1
0.6968728,1,1
0.8810217,1,1
0.1988796,0,1
0.084083654,0,0
0.9395502,1,1
0.16892762,0,0
0.96098423,1,1
0.8847533,1,1
0.6366284,1,0
0.9028018,1,1
0.32489774,0,1
0.11676222,0,0
0.1714959,0,0
0.7229588,1,0
0.21587446,0,0
0.92258704,1,1
0.6981143,1,0
0.9118527,1,1
0.8664914,1,1
0.7459381,1,0
0.8532365,1,1
0.97870994,1,1
0.054170612,0,0
0.3051617,0,0
0.27826855,0,0
0.97274965,1,1
0.9654935,1,1
0.7201134,1,1
0.19277173,0,0
0.7243513,1,1
0.89995456,1,1
0.49684253,0,1
0.30148494,0,0
0.867975,1,1
0.3159414,0,0
0.15600224,0,0
0.9083993,1,1
0.26444465,0,0
0.9311083,1,1
0.69347006,1,0
0.8534752,1,1
0.9725413,1,1
0.90896714,1,1
0.9458782,1,0
0.9066314,1,1
0.88133746,1,0
0.71676433,1,1
0.263965,0,1
0.08855498,0,0
0.10176565,0,0
0.30035698,0,0
0.4867891,0,0
0.7662102,1,1
0.8851058,1,1
0.9551487,1,1
0.6565688,1,1
0.8070103,1,1
0.5209659,1,0
0.060718488,0,1
0.9286934,1,1
0.7502815,1,1
0.8047769,1,1
0.19707929,0,0
0.62504613,1,1
0.05676107,0,0
0.029013196,0,0
0.1328728,0,0
0.9614915,1,1
0.60730714,1,0
0.78156984,1,1
0.926259,1,1
0.95239496,1,1
0.43907523,0,0
0.9206427,1,1
0.09811932,0,0
0.60817325,1,1
0.027341627,0,0
0.1872145,0,0
0.78778106,1,1
0.9224282,1,1
0.91844666,1,1
0.41094112,0,0
0.82316023,1,1
0.77192223,1,1
0.8243601,1,1
0.34652033,0,1
0.9753973,1,1
0.93874717,1,1
0.92809296,1,1
0.07302491,0,0
0.5980197,1,1
0.06670979,0,0
0.17606561,0,0
0.9585886,1,1
0.8730408,1,1
0.060974214,0,0
0.9114591,1,1
0.9183515,1,1
0.8690154,1,1
0.1942082,0,0
0.76960707,1,1
0.2705615,0,1
0.3063939,0,0
0.7940705,1,0
0.2658132,0,0
0.16405745,0,0
0.37232968,0,0
0.32887778,0,0
0.90415204,1,1
0.5940584,1,0
0.41946283,0,0
0.28008685,0,0
0.6833584,1,1
0.58880794,1,0
0.09166513,0,0
0.12967788,0,0
0.9551592,1,1
0.026740223,0,0
0.23991291,0,0
0.88507825,1,1
0.75135946,1,1
0.20293579,0,0
0.9275505,1,1
0.65726566,1,1
0.12174417,0,0
0.16310456,0,0
0.89762866,1,1
0.90107894,1,1
0.8775707,1,1
0.70530134,1,1
0.14386359,0,0
0.9573839,1,1
0.915101,1,1
0.8308105,1,1
0.037172735,0,0
0.16780834,0,0
0.81160474,1,1
0.6199099,1,1
0.982337,1,1
0.104864866,0,0
0.9079372,1,1
0.60291046,1,1
0.9539396,1,1
0.025417432,0,0
0.053859252,0,0
0.14112464,0,0
0.2788642,0,0
0.12012742,0,0
0.3222432,0,1
0.22990812,0,0
0.592588,1,1
0.8400769,1,1
0.6187564,1,1
0.15999487,0,0
0.9128711,1,1
0.48066744,0,0
0.72062224,1,1
0.84400076,1,0
0.15467711,0,0
0.10436745,0,0
0.8941767,1,1
0.17527351,0,0
0.6444855,1,1
0.09415765,0,0
0.021606155,0,0
0.76422584,1,1
0.83442575,1,1
0.86219907,1,1
0.9135609,1,1
0.7044105,1,0
0.75058824,1,1
0.029535921,0,0
0.26062596,0,0
0.58025885,1,0
0.86008185,1,1
0.13499336,0,0
0.7568749,1,1
0.46762255,0,0
0.93696916,1,1
0.87596,1,1
0.09812788,0,0
0.8648592,1,1
0.6385658,1,1
0.014826745,0,0
0.4619427,0,0
0.92719656,1,1
0.5705794,1,1
0.59296155,1,0
0.92165685,1,1
0.23803271,0,0
0.6131518,1,0
0.048013784,0,0
0.02912423,0,0
0.6021347,1,1
0.24594963,0,0
0.96567076,1,1
0.1663925,0,0
0.8715197,1,1
0.9189215,1,1
0.80060303,1,1
0.11832189,0,0
0.8663707,1,0
0.86159456,1,1
0.9169529,1,1
0.29497254,0,0
0.8341227,1,1
0.08333479,0,0
0.91618615,1,1
0.8613263,1,1
0.955839,1,1
0.5981142,1,0
0.9310615,1,1
0.7044105,1,0
0.8855687,1,1
0.21980083,0,0
0.77287805,1,1
0.6584281,1,0
0.8216903,1,1
0.9272004,1,1
0.7657633,1,0
0.92659456,1,1
0.91543114,1,1
0.24102746,0,1
0.064770184,0,0
0.2668949,0,1
0.2858929,0,0
0.7044105,1,0
0.916761,1,1
0.14008646,0,0
0.18549046,0,0
0.9067005,1,1
0.77338475,1,1
0.9409113,1,1
0.65884787,1,0
0.040074892,0,0
0.22886728,0,0
0.9484382,1,1
0.4524309,0,0
0.8035387,1,0
0.2493262,0,0
0.79948443,1,1
0.88841724,1,1
0.12690803,0,0
0.14460807,0,0
0.30639952,0,0
0.86398774,1,1
0.6066071,1,0
0.17729905,0,0
0.7334642,1,1
0.67822075,1,1
0.71591216,1,1
0.22765283,0,0
0.9158604,1,1
0.17238681,0,0
0.04470694,0,0
0.6070686,1,0
0.81109405,1,1
0.6514099,1,1
0.025583874,0,0
0.9343459,1,1
0.910687,1,1
0.96745455,1,1
0.44875664,0,1
0.81810164,1,1
0.30152518,0,0
0.9170533,1,1
0.06704175,0,0
0.91789144,1,1
0.19930673,0,0
0.08428246,0,0
0.27162036,0,0
0.07888423,0,0
0.9323943,1,1
0.93125516,1,1
0.8818393,1,1
0.7710335,1,1
0.90585375,1,1
0.8216501,1,1
0.9052381,1,1
0.75128543,1,1
0.9186694,1,1
0.9088486,1,1
0.51207787,1,0
0.81432074,1,1
0.7799765,1,0
0.9405637,1,1
0.15912132,0,0
0.06868304,0,0
0.842216,1,0
0.669164,1,1
0.033173155,0,0
0.7900445,1,1
0.60674715,1,0
0.93297505,1,1
0.9392811,1,1
0.13461864,0,0
0.4247086,0,0
0.124697745,0,0
0.94746596,1,1
0.7659171,1,1
0.8523272,1,1
0.43713608,0,1
0.042958777,0,0
0.7933941,1,1
0.9195864,1,1
0.95481616,1,1
0.91920996,1,1
0.89801216,1,1
0.47776568,0,1
0.1449388,0,0
0.2989729,0,0
0.9533875,1,0
0.7356301,1,1
0.89242715,1,1
0.7353155,1,1
0.8352254,1,1
0.8789098,1,1
0.83290124,1,1
0.19599628,0,0
0.93455046,1,1
0.9473254,1,1
0.77641124,1,1
0.024100829,0,0
0.02372634,0,0
0.80666083,1,1
0.8855585,1,1
0.9360186,1,1
0.26734105,0,0
0.92963356,1,1
0.46416357,0,0
0.88541454,1,1
0.030204395,0,0
0.31848106,0,0
0.92317104,1,1
0.8556141,1,1
0.740782,1,1
0.8826069,1,1
0.55875784,1,1
0.13124341,0,0
0.20623069,0,0
0.91239977,1,1
0.8286449,1,1
0.8804448,1,0
0.09894352,0,0
0.12779632,0,0
0.9719705,1,1
0.9026889,1,1
0.88675976,1,1
0.23292367,0,1
0.9650644,1,1
0.9537564,1,1
0.19421934,0,0
0.9390847,1,1
0.039535716,0,0
0.32679635,0,0
0.841865,1,0
0.4932874,0,1
0.9155715,1,1
0.8283543,1,1
0.6856919,1,0
0.9741328,1,1
0.058901284,0,0
0.9507082,1,1
0.2345577,0,0
0.5953148,1,1
0.3286872,0,0
0.02408891,0,0
0.04886344,0,0
0.9523053,1,1
0.1581219,0,0
0.92737937,1,1
0.23845412,0,0
0.8962284,1,1
0.68474454,1,0
0.14392482,0,0
0.17051712,0,0
0.8511275,1,1
0.32279274,0,0
0.77391565,1,1
0.92595226,1,1
0.940461,1,1
0.8361088,1,1
0.9516755,1,1
0.30438438,0,1
0.89553565,1,1
0.056226626,0,0
0.07943098,0,0
0.8643318,1,1
0.30963066,0,0
0.20268539,0,0
0.78898585,1,1
0.9323817,1,1
0.019040499,0,0
0.941579,1,1
0.2684932,0,0
0.038639367,0,0
0.7743469,1,1
0.31849954,0,0
0.97032714,1,1
0.047733348,0,0
0.95747644,1,1
0.89779246,1,1
0.8918114,1,1
0.24553667,0,0
0.84659547,1,1
0.840619,1,1
0.75949043,1,1
0.7988235,1,1
0.07610707,0,0
0.2908888,0,0
0.8569351,1,1
0.8322824,1,1
0.2741266,0,0
0.8931499,1,1
0.9253528,1,1
0.929865,1,1
0.3174139,0,1
0.60465455,1,1
0.9712044,1,1
0.92587847,1,1
0.9175081,1,1
0.6221786,1,1
0.9174399,1,1
0.1876418,0,0
0.8837081,1,1
0.30323836,0,0
0.8789164,1,1
0.2857831,0,0
0.49907345,0,0
0.4328244,0,0
0.95033824,1,1
0.10486586,0,0
0.06420708,0,0
0.96616113,1,1
0.42070273,0,0
0.76798403,1,1
0.58304733,1,0
0.527475,1,0
0.9052465,1,1
0.90879023,1,0
0.7875675,1,1
0.034721144,0,0
0.93763924,1,1
0.18460447,0,0
0.40598255,0,1
0.8282294,1,1
0.95588917,1,1
0.9578608,1,1
0.81197053,1,1
0.06821241,0,0
0.48208827,0,1
0.036316983,0,0
0.5677843,1,1
0.92455184,1,1
0.11142984,0,0
0.94837326,1,1
0.89816654,1,1
0.45634803,0,0
0.9662763,1,1
0.6103204,1,0
0.2809199,0,0
0.88094854,1,1
0.6120898,1,1
0.13003823,0,1
0.9258078,1,1
0.8420363,1,1
0.5616384,1,1
0.13742487,0,0
0.65437037,1,0
0.9312367,1,1
0.76597893,1,1
0.5515716,1,1
0.10327814,0,0
0.038429093,0,0
0.8747298,1,0
0.06292225,0,0
0.9310493,1,1
0.75473094,1,1
0.9158789,1,1
0.09953612,0,0
0.46031088,0,1
0.06731791,0,0
0.04226857,0,0
0.9602273,1,1
0.82995063,1,0
0.4335588,0,0
0.8678804,1,1
0.9083183,1,1
0.5896703,1,0
0.67670465,1,1
0.7240157,1,1
0.6233035,1,1
0.13097006,0,0
0.8308864,1,1
0.012937767,0,0
0.7044105,1,1
0.68018305,1,0
0.32993168,0,1
0.7887876,1,0
0.10244786,0,0
0.8568381,1,1
0.7158126,1,0
0.039055217,0,0
0.858581,1,1
0.97660667,1,1
0.63882285,1,1
0.9280796,1,1
0.94378483,1,1
0.6044096,1,1
0.8853302,1,1
0.70798916,1,1
0.93119514,1,1
0.9756232,1,1
0.81904995,1,1
0.21643181,0,0
0.08191557,0,0
0.31973347,0,0
0.2903217,0,1
0.028074266,0,0
0.9243606,1,1
0.68276703,1,1
0.6115485,1,0
0.90763474,1,1
0.6211738,1,1
0.7519976,1,1
0.08600795,0,0
0.1140854,0,1
0.61312836,1,0
0.1203766,0,0
0.5983005,1,0
0.97210217,1,1
0.84966147,1,1
0.75786406,1,1
0.6490609,1,1
0.876298,1,1
0.79484975,1,1
0.86785257,1,1
0.85538846,1,0
0.35141447,0,0
0.89120746,1,1
0.94764256,1,1
0.46510234,0,0
0.39440486,0,0
0.22317787,0,0
0.08115055,0,0
0.938337,1,0
0.89152914,1,1
0.603832,1,0
0.534223,1,1
0.30058172,0,1
0.6152441,1,0
0.87001705,1,1
0.014847062,0,0
0.17393485,0,0
0.27614954,0,0
0.90564615,1,1
0.49940372,0,1
0.13581216,0,0
0.9540125,1,1
0.9505298,1,1
0.6605117,1,0
0.036038153,0,0
0.7188055,1,1
0.16225491,0,0
0.9166509,1,1
0.5875655,1,0
0.8829752,1,1
0.95718867,1,1
0.042425897,0,0
0.099908695,0,0
0.2737609,0,0
0.12020944,0,1
0.16689476,0,0
0.6453229,1,0
0.83502555,1,0
0.041588925,0,0
0.38825566,0,1
0.93474466,1,1
0.32027268,0,0
0.7485372,1,1
0.9829469,1,1
0.94761497,1,1
0.07455056,0,0
0.0714865,0,0
0.4475439,0,0
0.67847854,1,1
0.9128512,1,1
0.76286036,1,1
0.014325337,0,0
0.13267939,0,0
0.08698544,0,0
0.33380407,0,1
0.16096266,0,0
0.60899174,1,1
0.90884906,1,1
0.07789012,0,0
0.14560467,0,0
0.6549085,1,0
0.95857495,1,1
0.54471046,1,1
0.6295155,1,1
0.6822686,1,1
0.981402,1,1
0.053679094,0,0
0.8646111,1,1
0.08719513,0,0
0.9386907,1,1
0.8788264,1,1
0.8940455,1,0
0.09443625,0,0
0.7881088,1,1
0.1001696,0,0
0.94740456,1,1
0.14190097,0,0
0.6038722,1,0
0.9595066,1,1
0.889686,1,1
0.4245236,0,0
0.060203057,0,0
0.1918952,0,1
0.09620994,0,0
0.061759412,0,0
0.13548198,0,0
0.92194605,1,1
0.23763773,0,0
0.15398699,0,0
0.16230729,0,0
0.246918,0,0
0.18994017,0,0
0.06685885,0,0
0.14525603,0,1
0.95577675,1,1
0.880664,1,1
0.9492565,1,1
0.056763597,0,0
0.9469686,1,1
0.06809033,0,0
0.9510958,1,1
0.1264566,0,0
0.29398468,0,0
0.085664205,0,0
0.9093455,1,0
0.2789164,0,0
0.8565351,1,1
0.29870415,0,0
0.7510155,1,1
0.93304676,1,1
0.77589345,1,0
0.13130578,0,0
0.830466,1,1
0.6026775,1,1
0.04640299,0,0
0.4382336,0,0
0.06810243,0,0
0.81137437,1,1
0.6535478,1,0
0.011874458,0,0
0.9273244,1,1
0.8976389,1,1
0.580007,1,1
0.23183413,0,0
0.20664157,0,0
0.9583515,1,1
0.8332763,1,1
0.52909124,1,1
0.6252817,1,0
0.8704975,1,1
0.62983125,1,0
0.67966205,1,1
0.8440421,1,1
0.900015,1,1
0.029136587,0,0
0.1321764,0,0
0.13454916,0,0
0.06343123,0,0
0.8825867,1,1
0.12009381,0,0
0.9333014,1,1
0.6183766,1,1
0.65300244,1,1
0.49740678,0,1
0.8603386,1,1
0.6503997,1,0
0.61016953,1,0
0.81034297,1,1
0.12577191,0,0
0.5348408,1,1
0.6144767,1,1
0.9016163,1,1
0.9124675,1,1
0.80933535,1,1
0.13971429,0,0
0.057543874,0,0
0.019119855,0,0
0.21435359,0,0
0.9428149,1,1
0.18444245,0,1
0.782831,1,1
0.16773695,0,0
0.4540606,0,1
0.07375137,0,0
0.2713076,0,0
0.27924705,0,1
0.86232287,1,0
0.609056,1,1
0.44093668,0,0
0.87126034,1,1
0.8157826,1,0
0.8738238,1,1
0.67181855,1,0
0.082797505,0,0
0.20800428,0,0
0.8028628,1,1
0.34433264,0,1
0.8561363,1,1
0.08557598,0,0
0.60984945,1,0
0.76415837,1,1
0.9722429,1,1
0.032963574,0,0
0.011046476,0,0
0.9209563,1,1
0.5478764,1,1
0.6495554,1,1
0.6434371,1,1
0.024916116,0,0
0.58218986,1,0
0.90406513,1,1
0.10370286,0,0
0.6586559,1,1
0.07009842,0,0
0.08781235,0,0
0.25599962,0,1
0.30746746,0,0
0.8781731,1,1
0.03335752,0,0
0.92865086,1,1
0.17700118,0,0
0.740668,1,1
0.2820597,0,0
0.71303827,1,1
0.947284,1,1
0.19226775,0,0
0.2829441,0,0
0.8646952,1,1
0.43917435,0,1
0.7120043,1,0
0.9571316,1,1
0.869345,1,1
0.27543136,0,0
0.24104328,0,0
0.9044253,1,1
0.0874072,0,0
0.87862295,1,1
0.17895019,0,0
0.020332582,0,0
0.96556973,1,1
0.7657193,1,1
0.62328833,1,1
0.8278445,1,1
0.24367066,0,0
0.7379403,1,0
0.049997702,0,0
0.7231811,1,1
0.5407986,1,0
0.97766656,1,1
0.9256527,1,1
0.79054594,1,1
0.6978312,1,0
0.040943388,0,0
0.7216398,1,1
0.9727454,1,1
0.92946494,1,1
0.2430082,0,0
0.911484,1,1
0.5335187,1,1
0.038897816,0,0
0.7283591,1,1
0.8544284,1,1
0.32081097,0,1
0.75815016,1,1
0.6309516,1,1
0.9038177,1,1
0.67058074,1,0
0.9570627,1,1
0.9047148,1,1
0.036982927,0,0
0.24691042,0,0
0.82641095,1,1
0.7155135,1,1
0.14585516,0,0
0.95815086,1,1
0.8714621,1,1
0.9543387,1,1
0.040857296,0,0
0.83584315,1,1
0.92087585,1,1
0.9350473,1,1
0.9277101,1,1
0.85881096,1,1
0.4560238,0,0
0.7674752,1,1
0.32636482,0,0
0.92190933,1,1
0.9055865,1,1
0.2567544,0,0
0.611207,1,1
0.5246647,1,1
0.62977564,1,0
0.06006454,0,0
0.8162094,1,1
0.45109376,0,1
0.88270324,1,0
0.82237786,1,1
0.9403373,1,1
0.95317185,1,1
0.16501799,0,0
0.029936748,0,0
0.06566404,0,0
0.87886554,1,1
0.040064007,0,0
0.7357433,1,1
0.4360411,0,0
0.10672882,0,0
0.9155191,1,1
0.974065,1,1
0.2633301,0,1
0.123283066,0,0
0.15772615,0,0
0.90386367,1,1
0.026901174,0,0
0.060156878,0,0
0.14421229,0,0
0.05167954,0,0
0.8760931,1,1
0.877887,1,1
0.2621595,0,0
0.024960965,0,0
0.80008024,1,1
0.9380502,1,1
0.92353773,1,1
0.6899082,1,1
0.028280435,0,0
0.03278919,0,0
0.1283801,0,0
0.07256062,0,0
0.5311857,1,0
0.09172175,0,0
0.14686878,0,0
0.27181947,0,0
0.804782,1,0
0.18713371,0,1
0.06651722,0,0
0.87090576,1,0
0.21974242,0,0
0.71109086,1,1
0.9061627,1,1
0.96019125,1,1
0.8221929,1,1
0.2293226,0,0
0.9311911,1,1
0.8923489,1,1
0.5336178,1,0
0.95298755,1,1
0.06956308,0,0
0.6177645,1,0
0.053953614,0,0
0.049317144,0,0
0.9168192,1,1
0.13238634,0,0
0.33259395,0,0
0.13743238,0,0
0.43501914,0,0
0.5693474,1,0
0.96881837,1,1
0.2830599,0,0
0.89844006,1,1
0.780943,1,1
0.66311485,1,0
0.9589031,1,1
0.9413673,1,1
0.9200541,1,1
0.6086498,1,0
0.94735557,1,1
0.36140648,0,0
0.11220655,0,0
0.8560219,1,1
0.7169505,1,1
0.08329697,0,0
0.6139404,1,0
0.04304292,0,0
0.93268025,1,1
0.2416238,0,0
0.6895935,1,0
0.9256726,1,1
0.9372969,1,1
0.2364502,0,0
0.23343222,0,0
0.18366803,0,0
0.9801262,1,1
0.9071251,1,1
0.875598,1,1
0.2843904,0,0
0.21910678,0,0
0.98344654,1,1
0.14051439,0,0
0.50805116,1,0
0.9666626,1,1
0.11203537,0,0
0.957884,1,1
0.9123408,1,1
0.741309,1,1
0.8911596,1,1
0.8697187,1,1
0.875202,1,1
0.20369467,0,0
0.9277609,1,1
0.5597866,1,1
0.15877225,0,1
0.063854165,0,0
0.9695674,1,1
0.8580881,1,0
0.7007768,1,1
0.87802863,1,1
0.31418747,0,1
0.050215546,0,0
0.8816278,1,1
0.1887752,0,0
0.5954341,1,1
0.66861176,1,1
0.07840273,0,0
0.9579503,1,1
0.17743564,0,0
0.7608531,1,1
0.966893,1,1
0.9239868,1,1
0.10992288,0,0
0.9111682,1,1
0.06187932,0,0
0.7200754,1,0
0.2821184,0,0
0.16801284,0,0
0.4215444,0,0
0.9582251,1,0
0.04709569,0,0
0.5288657,1,1
0.9397161,1,0
0.026781926,0,0
0.22585537,0,1
0.8884147,1,1
0.79330015,1,0
0.8241185,1,1
0.0840005,0,0
0.9498725,1,1
0.19445096,0,1
0.6030413,1,0
0.9482566,1,1
0.29435214,0,0
0.15468422,0,0
0.79122835,1,1
0.45692125,0,0
0.80709004,1,1
0.17345811,0,0
0.017353786,0,0
0.11354465,0,0
0.90551955,1,1
0.71949846,1,0
0.5207324,1,0
0.8781948,1,0
0.9727146,1,1
0.87128407,1,1
0.23057497,0,0
0.070933826,0,0
0.9212685,1,1
0.8155459,1,0
0.072037786,0,0
0.68662333,1,1
0.85701466,1,1
0.21032813,0,0
0.074337,0,0
0.031656187,0,0
0.8181297,1,1
0.80739474,1,1
0.84840405,1,1
0.06571578,0,0
0.25881332,0,0
0.91347003,1,1
0.25226966,0,0
0.88850194,1,1
0.07743048,0,0
0.962283,1,1
0.97499406,1,1
0.8997462,1,1
0.27603462,0,0
0.04132824,0,0
0.9404784,1,1
0.9137147,1,1
0.8703552,1,1
0.21644151,0,0
0.9049968,1,1
0.6109932,1,0
0.079432875,0,0
0.73910683,1,0
0.032114524,0,0
0.85034555,1,1
0.92395157,1,1
0.88467854,1,1
0.93367773,1,1
0.623287,1,0
0.9640089,1,1
0.64886177,1,0
0.969535,1,1
0.942039,1,1
0.920184,1,1
0.20464973,0,0
0.5207932,1,0
0.6809978,1,1
0.9552518,1,1
0.6019861,1,1
0.9265217,1,0
0.83236814,1,1
0.1761106,0,0
0.63062257,1,0
0.19153665,0,0
0.09712836,0,0
0.078910545,0,0
0.9082818,1,1
0.9679443,1,1
0.2809174,0,0
0.8664517,1,0
0.20227167,0,0
0.045847174,0,0
0.5957834,1,1
0.10874907,0,0
0.1567942,0,0
0.4377837,0,0
0.61389405,1,1
0.88236326,1,1
0.22621424,0,0
0.122208804,0,0
0.5800679,1,1
0.4173362,0,0
0.39810503,0,1
0.23728287,0,0
0.94459456,1,1
0.03536866,0,0
0.5978009,1,1
0.4820885,0,0
0.1686864,0,0
0.95744157,1,1
0.9777811,1,1
0.78279424,1,1
0.20831512,0,1
0.89420426,1,1
0.78817666,1,0
0.16971183,0,0
0.15931247,0,0
0.15232289,0,0
0.8387105,1,1
0.8902741,1,1
0.12604038,0,0
0.904183,1,1
0.9546955,1,1
0.93627536,1,1
0.58759314,1,0
0.9755695,1,1
0.8789347,1,1
0.3022345,0,0
0.7044105,1,1
0.11140115,0,1
0.8846879,1,1
0.6144248,1,1
0.5088438,1,0
0.23304185,0,0
0.92814,1,1
0.8781286,1,1
0.9731698,1,1
0.9486231,1,1
0.92559916,1,1
0.8830519,1,1
0.6048852,1,0
0.9725351,1,1
0.11291049,0,0
0.56884027,1,1
0.15166959,0,0
0.76742226,1,1
0.9210373,1,1
0.9238726,1,1
0.20565438,0,0
0.03789746,0,0
0.81505936,1,1
0.80034417,1,0
0.7777457,1,1
0.117805086,0,0
0.08767913,0,0
0.80259657,1,1
0.90957123,1,1
0.6143562,1,0
0.514527,1,0
0.8424237,1,1
0.69083273,1,1
0.9680282,1,1
0.88110024,1,1
0.19120766,0,0
0.7996218,1,1
0.97339106,1,1
0.89744985,1,1
0.9290737,1,1
0.60964984,1,1
0.7779279,1,1
0.7452056,1,1
0.58697647,1,0
0.05365774,0,0
0.91516966,1,1
0.8909409,1,1
0.91911954,1,1
0.9003276,1,1
0.87367266,1,1
0.8405284,1,1
0.5931559,1,0
0.89077586,1,1
0.28424904,0,0
0.07267611,0,0
0.9700225,1,1
0.1504212,0,1
0.52181894,1,0
0.56098413,1,0
0.8518415,1,1
0.7990112,1,1
0.80261475,1,1
0.7624335,1,1
0.60710716,1,1
0.7953689,1,1
0.78247184,1,1
0.1820137,0,0
0.076211505,0,0
0.82065594,1,0
0.07009726,0,0
0.600771,1,1
0.8894968,1,1
0.9118895,1,1
0.9770577,1,1
0.11632179,0,0
0.87644726,1,1
0.95896655,1,1
0.7278485,1,1
0.77935296,1,1
0.85253835,1,0
0.115979806,0,0
0.82687426,1,1
0.92823774,1,1
0.8786228,1,1
0.032098528,0,0
0.9226395,1,1
0.609358,1,0
0.6850738,1,1
0.074716605,0,0
0.50272113,1,0
0.6401261,1,1
0.9194569,1,1
0.95768267,1,1
0.96576416,1,1
0.91677153,1,1
0.872861,1,0
0.6254284,1,0
0.6102991,1,0
0.8965503,1,1
0.96288943,1,1
0.97476554,1,1
0.9097161,1,1
0.49442893,0,0
0.08874555,0,0
0.78843087,1,1
0.6637329,1,1
0.95926213,1,1
0.9688882,1,1
0.8923607,1,1
0.097774245,0,0
0.4875575,0,0
0.89908415,1,1
0.09638533,0,0
0.77087444,1,1
0.8384415,1,1
0.10309721,0,0
0.04767042,0,0
0.9303593,1,1
0.8905216,1,0
0.9698732,1,1
0.29312673,0,1
0.05402666,0,0
0.25672224,0,0
0.7566507,1,1
0.6023532,1,0
